product_ordered,station,timestamp
water,0,2019-01-06 07:33:10.088510
water,0,2019-01-13 20:40:38.796702
peach,0,2019-01-16 17:35:08.413864
pine_needle,0,2019-01-16 17:46:13.652778
acai,0,2019-01-16 17:57:22.853341
water,0,2019-01-21 12:05:48.988376
water,0,2019-01-28 17:08:54.826863
water,0,2019-02-05 05:38:22.455303
cherry,0,2019-02-09 05:22:19.895710
pine_needle,0,2019-02-09 05:40:14.470179
cucumber,0,2019-02-09 05:58:11.330649
water,0,2019-02-12 12:06:23.319091
water,0,2019-02-20 04:55:26.007603
cucumber,0,2019-02-26 21:04:35.739546
acai,0,2019-02-26 21:43:01.181666
lime,0,2019-02-26 22:21:22.887430
water,0,2019-02-27 08:01:29.748798
water,0,2019-03-06 18:35:28.178319
cranberry,0,2019-03-13 14:16:58.280373
grapefruit,0,2019-03-13 14:24:37.754307
pine_needle,0,2019-03-13 14:32:17.404335
water,0,2019-03-14 09:34:40.921355
water,0,2019-03-21 15:31:27.327913
water,0,2019-03-29 04:30:39.354048
water,0,2019-04-05 07:39:39.715458
water,0,2019-04-12 13:39:40.099303
oolong,0,2019-04-15 18:18:02.236698
blueberry,0,2019-04-15 18:31:43.662368
lemon_lime,0,2019-04-15 18:45:25.805718
acai,0,2019-04-17 18:30:28.530415
blueberry,0,2019-04-17 18:30:28.530415
water,0,2019-04-20 12:34:32.441869
water,0,2019-04-28 06:11:22.056299
water,0,2019-05-05 08:54:25.481033
water,0,2019-05-12 19:38:45.423890
mint,0,2019-05-17 17:22:26.937988
grapefruit,0,2019-05-17 17:33:35.290652
green_tea,0,2019-05-17 17:44:40.705893
water,0,2019-05-20 12:13:18.931109
water,0,2019-05-28 04:57:11.714026
water,1,2019-01-08 14:03:25.089834
blackberry,1,2019-01-11 14:49:08.488744
mackerel,1,2019-01-11 14:54:53.028954
eucalyptus,1,2019-01-11 15:00:36.862864
earl_grey_tea,1,2019-01-13 14:54:31.600075
water,1,2019-01-18 15:37:33.961358
key_lime,1,2019-01-26 11:30:57.113779
cucumber,1,2019-01-26 11:36:24.235640
lemonade,1,2019-01-26 11:41:52.770518
water,1,2019-01-29 15:06:38.092076
water,1,2019-02-08 12:41:04.200886
peach,1,2019-02-13 17:15:11.147656
green_tea,1,2019-02-13 17:23:32.603394
lemon,1,2019-02-13 17:31:50.000142
mango,1,2019-02-15 17:23:19.077936
water,1,2019-02-18 15:31:26.485001
water,1,2019-02-28 11:30:54.800595
green_tea,1,2019-03-03 09:35:23.316607
pomegranate,1,2019-03-03 09:41:38.195280
tuna_fish,1,2019-03-03 09:47:53.152432
water,1,2019-03-10 14:20:02.482216
pomegranate,1,2019-03-18 16:31:26.885719
green_tea,1,2019-03-18 16:38:31.386196
lime,1,2019-03-18 16:45:36.409973
water,1,2019-03-21 09:29:15.764940
orange,1,2019-03-30 17:48:12.302268
earl_grey_tea,1,2019-03-30 17:56:33.731472
mint,1,2019-03-30 18:04:51.274785
water,1,2019-03-31 03:06:42.568757
water,1,2019-04-09 17:48:07.019084
coconut,1,2019-04-17 16:31:17.220219
peach,1,2019-04-17 16:38:19.740755
grapefruit,1,2019-04-17 16:45:22.185014
water,1,2019-04-19 19:46:29.733914
water,1,2019-04-29 12:52:07.447291
mint,1,2019-04-30 12:41:11.652495
mint,1,2019-04-30 12:46:34.601817
orange,1,2019-04-30 12:51:56.892946
water,1,2019-05-09 11:14:24.783789
lemon,1,2019-05-13 10:57:57.591163
cucumber,1,2019-05-13 11:03:41.472353
cranberry,1,2019-05-13 11:09:09.002910
water,1,2019-05-19 14:37:31.357026
water,1,2019-05-29 11:08:54.168333
strawberry,1,2019-05-29 21:09:37.485278
peach,1,2019-05-29 21:38:21.438780
lime,1,2019-05-29 22:07:19.436009
water,2,2019-01-14 19:38:44.834569
cherry,2,2019-01-18 19:24:21.142056
peach,2,2019-01-18 19:48:37.328191
cherry,2,2019-01-18 19:48:37.328191
blackberry,2,2019-01-20 19:40:37.692559
water,2,2019-01-30 18:19:06.716864
water,2,2019-02-15 13:40:52.831566
cucumber,2,2019-02-15 14:21:21.750495
coconut,2,2019-02-15 14:31:43.908281
pomegranate,2,2019-02-15 14:42:07.857209
water,2,2019-03-03 10:42:01.261162
blackberry,2,2019-03-04 13:50:50.282687
blackberry,2,2019-03-04 14:00:44.735747
eucalyptus,2,2019-03-04 14:11:07.282619
water,2,2019-03-19 12:03:02.963845
acai,2,2019-03-30 15:59:52.448111
tuna_fish,2,2019-03-30 16:11:09.053003
peach,2,2019-03-30 16:23:53.696812
water,2,2019-04-04 08:26:40.028015
water,2,2019-04-19 18:39:23.116641
cucumber,2,2019-04-21 09:16:41.354242
acai,2,2019-04-21 09:28:01.430325
green_tea,2,2019-04-21 09:39:18.112394
water,2,2019-05-06 11:13:50.072822
strawberry,2,2019-05-17 14:42:26.053372
eucalyptus,2,2019-05-17 14:52:50.278512
key_lime,2,2019-05-17 15:03:12.138284
water,2,2019-05-23 02:06:22.300688
pear,3,2019-01-07 01:15:09.125699
tuna_fish,3,2019-01-07 03:15:40.201362
cranberry,3,2019-01-07 03:56:39.837318
water,3,2019-01-10 11:02:00.925514
water,3,2019-01-20 18:07:54.850040
earl_grey_tea,3,2019-01-29 09:38:16.249535
orange,3,2019-01-29 09:47:10.997655
lime,3,2019-01-29 09:56:06.272955
water,3,2019-01-31 19:41:12.776062
water,3,2019-02-10 19:25:47.086834
lime,3,2019-02-19 10:28:50.875476
cherry,3,2019-02-19 10:37:02.338798
lemon,3,2019-02-19 10:45:16.969356
water,3,2019-02-22 09:55:16.974980
water,3,2019-03-04 19:32:55.043352
pomegranate,3,2019-03-12 21:24:58.428983
cranberry,3,2019-03-12 22:05:56.944397
oolong,3,2019-03-12 23:15:03.796339
water,3,2019-03-16 11:09:45.476595
water,3,2019-03-26 18:08:16.275481
strawberry,3,2019-04-03 12:35:09.727546
lemonade,3,2019-04-03 12:42:49.457368
pear,3,2019-04-03 12:50:30.304038
water,3,2019-04-07 09:27:53.495453
water,3,2019-04-17 15:37:53.596982
oolong,3,2019-04-25 05:05:16.269838
key_lime,3,2019-04-25 05:24:24.896429
green_tea,3,2019-04-25 05:43:36.712500
water,3,2019-04-29 07:31:45.511955
water,3,2019-05-09 13:27:39.715785
green_tea,3,2019-05-16 17:54:47.986104
lemonade,3,2019-05-16 18:06:40.396145
earl_grey_tea,3,2019-05-16 18:21:23.743223
water,3,2019-05-21 08:31:26.120492
water,4,2019-01-05 05:52:21.465482
mango,4,2019-01-08 05:44:29.917778
mint,4,2019-01-08 05:51:43.721053
cherry,4,2019-01-08 05:58:53.867944
earl_grey_tea,4,2019-01-10 05:50:34.250060
water,4,2019-01-12 15:42:21.149727
water,4,2019-01-19 05:38:41.501095
tuna_fish,4,2019-01-19 07:58:44.730843
acai,4,2019-01-19 08:03:12.760128
raspberry,4,2019-01-19 08:06:59.370790
water,4,2019-01-25 08:57:03.549226
strawberry,4,2019-01-25 16:22:11.978980
blackberry,4,2019-01-25 16:26:00.374939
blackberry,4,2019-01-25 16:29:47.940136
water,4,2019-02-01 06:21:37.397790
pomegranate,4,2019-02-05 07:59:56.404984
peach,4,2019-02-05 08:04:23.296618
mango,4,2019-02-05 08:08:11.293293
water,4,2019-02-08 15:25:24.898401
water,4,2019-02-15 01:55:17.496802
oolong,4,2019-02-15 12:13:07.860884
mint,4,2019-02-15 12:16:00.084559
pear,4,2019-02-15 12:18:52.298795
water,4,2019-02-21 10:00:24.786825
pear,4,2019-02-24 12:06:40.034917
blueberry,4,2019-02-24 12:09:33.322556
pomegranate,4,2019-02-24 12:12:25.650401
water,4,2019-02-28 10:30:32.079986
water,4,2019-03-06 14:05:48.435223
eucalyptus,4,2019-03-06 16:35:50.030602
eucalyptus,4,2019-03-06 16:39:36.565305
oolong,4,2019-03-06 16:43:23.853789
water,4,2019-03-13 05:08:54.014899
key_lime,4,2019-03-16 13:22:18.009948
earl_grey_tea,4,2019-03-16 13:25:13.203032
mackerel,4,2019-03-16 13:28:09.493523
water,4,2019-03-21 08:14:44.271393
blackberry,4,2019-03-27 05:09:45.186887
green_tea,4,2019-03-27 05:16:57.021466
cucumber,4,2019-03-27 05:24:14.307869
water,4,2019-03-29 11:46:44.114838
water,4,2019-04-04 21:07:14.439865
pear,4,2019-04-07 19:59:56.573961
strawberry,4,2019-04-07 20:07:08.657465
mint,4,2019-04-07 20:17:11.906729
water,4,2019-04-12 13:10:58.695134
earl_grey_tea,4,2019-04-18 10:55:59.616376
lemon,4,2019-04-18 10:59:07.869894
raspberry,4,2019-04-18 11:02:15.928141
water,4,2019-04-20 13:25:36.293362
water,4,2019-04-26 23:45:35.054292
green_tea,4,2019-04-30 07:05:07.070879
cranberry,4,2019-04-30 07:09:34.166536
grapefruit,4,2019-04-30 07:14:02.451361
water,4,2019-05-04 13:27:52.000674
mackerel,4,2019-05-10 12:01:32.145306
acai,4,2019-05-10 12:04:25.512363
strawberry,4,2019-05-10 12:07:18.404762
water,4,2019-05-12 13:09:49.711265
water,4,2019-05-19 03:53:51.977544
blueberry,4,2019-05-22 09:34:04.950370
pine_needle,4,2019-05-22 09:37:26.356817
pear,4,2019-05-22 09:40:46.634632
water,4,2019-05-25 16:47:29.447830
pine_needle,4,2019-05-30 13:10:51.006524
lemonade,4,2019-05-30 13:13:46.483824
peach,4,2019-05-30 13:16:43.010381
water,5,2019-01-06 11:37:47.059342
water,5,2019-01-14 11:59:48.228983
lemon,5,2019-01-18 14:28:38.420854
cucumber,5,2019-01-18 14:36:47.014461
pine_needle,5,2019-01-18 14:44:54.963083
water,5,2019-01-22 14:54:26.617875
water,5,2019-01-30 07:55:43.508678
blackberry,5,2019-02-04 15:19:00.253088
blueberry,5,2019-02-04 15:27:50.739060
lime,5,2019-02-04 15:36:43.867687
water,5,2019-02-07 12:45:55.761544
water,5,2019-02-15 12:00:58.280997
water,5,2019-02-23 10:57:07.620443
acai,5,2019-03-01 10:52:29.039875
cucumber,5,2019-03-01 11:00:38.371818
cherry,5,2019-03-01 11:08:22.272528
water,5,2019-03-03 18:32:49.976917
water,5,2019-03-11 12:55:31.266679
water,5,2019-03-19 12:31:12.484425
earl_grey_tea,5,2019-03-26 10:03:19.316235
mango,5,2019-03-26 10:11:28.415842
blueberry,5,2019-03-26 10:19:37.515084
water,5,2019-03-27 10:17:55.001305
water,5,2019-04-03 17:39:21.454266
water,5,2019-04-11 11:21:07.372150
water,5,2019-04-19 09:33:16.952464
lemonade,5,2019-04-19 13:55:13.763770
pine_needle,5,2019-04-19 14:02:58.660845
strawberry,5,2019-04-19 14:11:07.150746
water,5,2019-04-27 09:54:38.981210
water,5,2019-05-05 10:27:03.373133
cherry,5,2019-05-09 06:16:27.020297
tuna_fish,5,2019-05-09 06:31:06.286363
raspberry,5,2019-05-09 06:45:38.473964
water,5,2019-05-13 11:12:40.128577
water,5,2019-05-21 12:14:49.786331
lemon_lime,5,2019-05-28 22:32:38.640081
orange,5,2019-05-28 23:41:06.290461
blackberry,5,2019-05-29 01:40:50.535336
water,5,2019-05-29 11:54:04.488748
water,6,2019-01-06 19:34:23.466156
lemon,6,2019-01-10 16:53:44.935026
blackberry,6,2019-01-10 17:01:05.696769
earl_grey_tea,6,2019-01-10 17:09:43.385728
water,6,2019-01-15 10:53:02.250789
water,6,2019-01-23 09:11:52.657424
mango,6,2019-01-25 18:34:08.165977
lime,6,2019-01-25 18:44:49.150187
oolong,6,2019-01-25 18:55:28.313227
water,6,2019-01-31 11:43:43.448436
tuna_fish,6,2019-02-06 12:23:15.768141
blueberry,6,2019-02-06 12:28:54.374343
green_tea,6,2019-02-06 12:34:29.744715
water,6,2019-02-08 15:16:25.232476
water,6,2019-02-16 14:21:31.513217
blueberry,6,2019-02-21 21:18:57.152389
blackberry,6,2019-02-21 21:48:47.777509
mackerel,6,2019-02-21 22:18:37.680913
water,6,2019-02-25 16:18:32.227115
water,6,2019-03-06 04:45:03.347285
green_tea,6,2019-03-10 06:01:10.087084
lemon,6,2019-03-10 06:11:51.463984
tuna_fish,6,2019-03-10 06:22:32.086687
water,6,2019-03-15 11:14:13.820581
water,6,2019-03-23 18:39:23.968791
peach,6,2019-03-28 13:26:04.231789
orange,6,2019-03-28 13:31:47.571660
key_lime,6,2019-03-28 13:37:29.921650
water,6,2019-04-02 11:08:08.560223
water,6,2019-04-10 17:37:35.463758
lemonade,6,2019-04-15 08:59:39.080181
lemon,6,2019-04-15 09:07:01.789460
peach,6,2019-04-15 09:13:30.907130
water,6,2019-04-19 21:02:08.551739
water,6,2019-04-27 17:10:45.469789
cherry,6,2019-05-02 12:49:10.280359
oolong,6,2019-05-02 12:54:45.627923
oolong,6,2019-05-02 13:00:20.407501
water,6,2019-05-07 11:02:36.289323
water,6,2019-05-15 10:45:46.235384
cranberry,6,2019-05-20 06:57:47.719881
earl_grey_tea,6,2019-05-20 07:08:28.715050
blackberry,6,2019-05-20 07:17:07.375240
water,6,2019-05-25 07:39:21.164590
water,7,2019-01-04 10:47:12.728304
water,7,2019-01-10 10:21:03.027581
key_lime,7,2019-01-13 12:01:44.724867
pomegranate,7,2019-01-13 12:06:29.744417
oolong,7,2019-01-13 12:11:15.617451
mackerel,7,2019-01-15 12:05:06.413531
water,7,2019-01-16 15:56:25.566792
water,7,2019-01-22 09:11:39.899433
water,7,2019-01-28 07:35:50.836436
key_lime,7,2019-01-31 21:39:26.475005
cucumber,7,2019-01-31 22:04:51.239815
mackerel,7,2019-01-31 22:47:42.270074
water,7,2019-02-03 22:46:52.232656
water,7,2019-02-09 09:39:13.533997
green_tea,7,2019-02-14 16:46:16.833007
lemonade,7,2019-02-14 16:52:31.683858
lemonade,7,2019-02-14 16:58:46.964543
water,7,2019-02-15 13:50:22.625910
water,7,2019-02-21 11:02:07.353406
water,7,2019-02-27 10:24:43.516671
strawberry,7,2019-03-04 13:55:03.939836
blueberry,7,2019-03-04 13:59:53.464505
coconut,7,2019-03-04 14:04:44.954097
water,7,2019-03-06 15:34:23.514759
water,7,2019-03-12 10:06:26.992663
water,7,2019-03-18 07:41:39.014685
pine_needle,7,2019-03-23 08:47:27.516524
eucalyptus,7,2019-03-23 08:53:45.788765
blackberry,7,2019-03-23 09:00:00.392751
water,7,2019-03-25 11:54:36.690399
water,7,2019-03-30 20:40:11.963437
water,7,2019-04-05 10:51:42.210729
eucalyptus,7,2019-04-10 06:29:25.779956
tuna_fish,7,2019-04-10 06:38:29.590075
lemon_lime,7,2019-04-10 06:47:33.953923
water,7,2019-04-12 14:21:46.166738
water,7,2019-04-18 10:00:37.544887
water,7,2019-04-24 06:55:35.952314
water,7,2019-04-29 22:46:53.695887
acai,7,2019-05-02 18:36:26.892067
peach,7,2019-05-02 18:45:34.347222
peach,7,2019-05-02 18:54:39.065662
eucalyptus,7,2019-05-04 18:38:59.530658
water,7,2019-05-06 09:10:41.126618
water,7,2019-05-12 08:28:49.194955
water,7,2019-05-18 07:11:43.853957
mango,7,2019-05-22 09:33:14.595909
mango,7,2019-05-22 09:38:46.067870
cranberry,7,2019-05-22 09:44:18.554079
water,7,2019-05-24 18:02:42.574027
water,7,2019-05-30 10:36:06.826385
water,8,2019-01-06 19:28:17.992127
blackberry,8,2019-01-13 11:51:03.310573
raspberry,8,2019-01-13 11:59:41.590028
blackberry,8,2019-01-13 12:08:16.545282
water,8,2019-01-15 09:10:43.790432
lime,8,2019-01-15 11:55:06.663832
water,8,2019-01-23 09:24:00.752942
water,8,2019-01-31 04:38:10.250998
water,8,2019-02-08 15:34:36.949730
green_tea,8,2019-02-13 04:42:36.708285
mint,8,2019-02-13 05:12:06.490292
key_lime,8,2019-02-13 05:33:09.038421
water,8,2019-02-17 10:54:19.923477
water,8,2019-02-25 16:48:44.547324
water,8,2019-03-05 15:44:56.456499
cucumber,8,2019-03-10 09:59:07.573739
grapefruit,8,2019-03-10 10:08:57.462391
strawberry,8,2019-03-10 10:17:58.236215
water,8,2019-03-14 08:54:26.726540
water,8,2019-03-22 07:30:09.955680
water,8,2019-03-29 20:46:48.272068
orange,8,2019-04-01 20:43:59.722864
peach,8,2019-04-01 21:13:32.006100
strawberry,8,2019-04-01 21:58:35.327734
water,8,2019-04-06 21:15:17.327967
water,8,2019-04-15 08:08:01.048921
peach,8,2019-04-21 06:45:43.105684
coconut,8,2019-04-21 07:01:50.747549
oolong,8,2019-04-21 07:14:52.236874
water,8,2019-04-24 08:07:02.018810
water,8,2019-05-02 06:38:44.255685
water,8,2019-05-10 17:27:42.389961
water,8,2019-05-19 04:12:58.414170
raspberry,8,2019-05-19 13:48:33.728818
lemon_lime,8,2019-05-19 13:57:09.196683
eucalyptus,8,2019-05-19 14:05:44.688678
water,8,2019-05-27 14:49:12.420090
water,9,2019-01-14 14:14:37.244948
green_tea,9,2019-01-14 19:24:32.527207
acai,9,2019-01-14 19:48:36.499087
grapefruit,9,2019-01-14 20:12:43.930991
water,9,2019-01-29 23:39:50.249022
raspberry,9,2019-02-07 09:56:08.218668
key_lime,9,2019-02-07 10:07:23.200818
mint,9,2019-02-07 10:17:41.884976
water,9,2019-02-14 20:13:33.217850
blackberry,9,2019-02-27 09:56:17.107415
mackerel,9,2019-02-27 10:07:28.365026
eucalyptus,9,2019-02-27 10:17:47.635913
water,9,2019-03-02 16:28:36.982206
water,9,2019-03-18 14:15:47.594802
blueberry,9,2019-03-20 10:49:01.704290
green_tea,9,2019-03-20 10:59:19.340652
strawberry,9,2019-03-20 11:09:37.247124
water,9,2019-04-04 07:53:14.549276
lemon_lime,9,2019-04-14 16:40:22.664041
peach,9,2019-04-14 16:53:05.261477
acai,9,2019-04-14 17:05:43.308208
water,9,2019-04-19 17:05:16.464110
water,9,2019-05-05 10:59:12.619003
earl_grey_tea,9,2019-05-08 13:55:41.818823
cherry,9,2019-05-08 14:05:29.834064
key_lime,9,2019-05-08 14:15:50.274572
water,9,2019-05-20 18:04:55.579014
earl_grey_tea,10,2019-01-10 13:43:10.218542
lime,10,2019-01-10 13:52:41.545675
pear,10,2019-01-10 14:02:12.319725
water,10,2019-01-11 07:37:29.851492
water,10,2019-01-22 21:28:32.224747
water,10,2019-02-03 15:24:08.784761
tuna_fish,10,2019-02-07 19:35:28.508305
orange,10,2019-02-07 19:58:50.847681
tuna_fish,10,2019-02-07 20:22:11.930642
water,10,2019-02-16 14:16:56.103974
coconut,10,2019-02-26 14:07:28.769837
pine_needle,10,2019-02-26 14:17:28.605743
oolong,10,2019-02-26 14:27:27.464659
water,10,2019-03-01 21:27:09.634047
water,10,2019-03-14 00:13:44.940984
orange,10,2019-03-24 11:03:12.308552
orange,10,2019-03-24 11:12:42.316623
mango,10,2019-03-24 11:22:12.885081
water,10,2019-03-27 10:23:50.374842
water,10,2019-04-08 15:23:00.290562
lemonade,10,2019-04-18 11:11:52.131354
mango,10,2019-04-18 11:21:22.477250
lemon,10,2019-04-18 11:30:52.494743
water,10,2019-04-22 08:36:59.636895
water,10,2019-05-04 16:32:56.340632
tuna_fish,10,2019-05-13 16:54:41.384930
strawberry,10,2019-05-13 17:06:57.223625
cranberry,10,2019-05-13 17:21:23.873374
water,10,2019-05-17 21:56:14.840963
water,10,2019-05-29 17:07:07.475823
lemonade,11,2019-01-05 14:07:30.674439
pear,11,2019-01-05 14:12:06.745892
mint,11,2019-01-05 14:16:41.695183
water,11,2019-01-08 05:34:38.588283
water,11,2019-01-16 06:23:32.299829
green_tea,11,2019-01-19 15:51:21.369209
oolong,11,2019-01-19 15:56:20.514837
key_lime,11,2019-01-19 16:01:19.731405
water,11,2019-01-25 18:12:11.154619
mango,11,2019-02-01 05:12:40.006920
lime,11,2019-02-01 05:23:22.052856
cherry,11,2019-02-01 05:34:04.493085
water,11,2019-02-03 16:42:21.279574
water,11,2019-02-11 19:44:47.565217
lemonade,11,2019-02-12 11:08:52.178211
tuna_fish,11,2019-02-12 11:13:13.750869
lemonade,11,2019-02-12 11:17:35.070297
water,11,2019-02-20 03:49:02.731211
lemon_lime,11,2019-02-24 10:41:10.712269
coconut,11,2019-02-24 10:45:45.470705
mint,11,2019-02-24 10:50:21.968205
water,11,2019-03-01 13:10:11.796021
mint,11,2019-03-09 10:37:11.487757
tuna_fish,11,2019-03-09 10:41:46.056134
raspberry,11,2019-03-09 10:46:22.778774
water,11,2019-03-09 13:49:36.735710
water,11,2019-03-17 13:23:28.327874
coconut,11,2019-03-23 00:39:35.962476
lemon,11,2019-03-23 02:09:45.277387
tuna_fish,11,2019-03-23 02:48:11.869821
water,11,2019-03-26 14:39:48.275944
water,11,2019-04-03 15:28:54.565273
pomegranate,11,2019-04-06 15:22:29.112971
cherry,11,2019-04-06 15:27:29.346036
pomegranate,11,2019-04-06 15:32:29.272664
water,11,2019-04-13 10:00:29.638469
pear,11,2019-04-19 14:53:13.674123
earl_grey_tea,11,2019-04-19 14:57:50.513647
mango,11,2019-04-19 15:02:25.209787
water,11,2019-04-22 15:42:13.020851
water,11,2019-04-30 15:57:48.151191
key_lime,11,2019-05-03 13:49:27.646118
pine_needle,11,2019-05-03 13:53:49.227097
grapefruit,11,2019-05-03 13:58:10.859858
water,11,2019-05-10 07:10:06.197654
cranberry,11,2019-05-16 18:12:30.498285
coconut,11,2019-05-16 18:20:42.228164
lemon_lime,11,2019-05-16 18:28:53.040271
water,11,2019-05-19 14:01:15.629090
water,11,2019-05-27 13:40:42.591482
oolong,12,2019-01-07 11:45:42.036088
coconut,12,2019-01-07 11:51:36.761416
oolong,12,2019-01-07 11:57:30.962061
water,12,2019-01-10 06:47:39.469501
water,12,2019-01-20 14:17:44.114937
peach,12,2019-01-25 15:58:51.985232
coconut,12,2019-01-25 16:05:36.919247
cucumber,12,2019-01-25 16:13:15.477487
grapefruit,12,2019-01-27 16:01:00.506766
water,12,2019-01-31 09:59:32.426365
water,12,2019-02-10 17:07:28.860838
acai,12,2019-02-11 09:33:57.318109
tuna_fish,12,2019-02-11 09:40:42.164499
blueberry,12,2019-02-11 09:47:31.196211
water,12,2019-02-21 11:48:18.615741
strawberry,12,2019-02-27 04:27:54.626849
pear,12,2019-02-27 04:48:18.745620
pomegranate,12,2019-02-27 05:08:36.533451
water,12,2019-03-05 11:14:47.907217
cranberry,12,2019-03-15 14:00:38.574277
cucumber,12,2019-03-15 14:06:52.339878
tuna_fish,12,2019-03-15 14:13:03.941126
water,12,2019-03-15 18:40:42.899919
water,12,2019-03-26 07:15:45.878124
oolong,12,2019-04-02 04:49:02.722374
green_tea,12,2019-04-02 05:09:20.498347
mango,12,2019-04-02 05:23:49.156654
water,12,2019-04-07 06:31:57.877260
water,12,2019-04-17 13:27:46.902033
acai,12,2019-04-18 13:40:50.249079
mint,12,2019-04-18 13:46:44.165493
pomegranate,12,2019-04-18 13:52:38.195654
water,12,2019-04-28 14:10:39.705424
lemonade,12,2019-05-05 06:49:46.944253
blueberry,12,2019-05-05 07:00:54.321232
pine_needle,12,2019-05-05 07:09:55.851444
water,12,2019-05-10 11:08:21.779119
water,12,2019-05-20 21:01:21.756618
mackerel,12,2019-05-21 14:13:28.838761
eucalyptus,12,2019-05-21 14:19:40.309264
acai,12,2019-05-21 14:25:52.137711
water,13,2019-01-09 09:01:51.255999
acai,13,2019-01-15 10:28:10.540924
blueberry,13,2019-01-15 10:36:22.604342
eucalyptus,13,2019-01-15 10:44:32.158974
water,13,2019-01-20 05:35:22.035681
water,13,2019-01-30 10:19:31.098454
lime,13,2019-01-31 12:40:23.792302
coconut,13,2019-01-31 12:48:04.389157
blueberry,13,2019-01-31 12:55:42.446130
water,13,2019-02-09 16:04:48.216375
cherry,13,2019-02-18 17:29:51.165708
pear,13,2019-02-18 17:41:39.185516
lemonade,13,2019-02-18 17:53:27.598609
water,13,2019-02-19 19:40:44.236318
water,13,2019-03-02 06:42:54.378147
peach,13,2019-03-11 16:25:22.257781
cucumber,13,2019-03-11 16:35:22.966971
eucalyptus,13,2019-03-11 16:45:25.107452
water,13,2019-03-12 13:03:18.116239
water,13,2019-03-22 19:02:45.453299
water,13,2019-04-01 23:42:32.638892
pine_needle,13,2019-04-02 11:07:55.040183
earl_grey_tea,13,2019-04-02 11:15:40.496837
acai,13,2019-04-02 11:23:27.299473
water,13,2019-04-12 13:27:37.838194
water,13,2019-04-22 23:42:20.399901
coconut,13,2019-04-23 09:27:17.576905
lemonade,13,2019-04-23 09:36:09.354672
lemon_lime,13,2019-04-23 09:45:02.568222
water,13,2019-05-03 10:43:41.868877
oolong,13,2019-05-12 21:20:45.087120
lemon,13,2019-05-12 22:01:31.043277
mango,13,2019-05-12 23:10:14.544413
water,13,2019-05-13 16:24:57.523386
water,13,2019-05-24 08:30:06.355648
water,14,2019-01-07 16:52:10.898237
water,14,2019-01-16 17:33:36.711428
strawberry,14,2019-01-17 15:20:42.499165
coconut,14,2019-01-17 15:31:42.693060
pear,14,2019-01-17 15:42:42.972981
water,14,2019-01-25 15:46:20.768508
water,14,2019-02-03 09:11:13.413889
pine_needle,14,2019-02-11 12:59:36.257381
pine_needle,14,2019-02-11 13:09:04.806569
green_tea,14,2019-02-11 13:18:42.772186
water,14,2019-02-12 06:34:17.483943
water,14,2019-02-21 06:34:50.220637
tuna_fish,14,2019-02-28 12:24:59.135022
lemon_lime,14,2019-02-28 12:34:27.383411
pomegranate,14,2019-02-28 12:43:55.654343
water,14,2019-03-02 16:58:17.683054
water,14,2019-03-11 13:13:06.614451
water,14,2019-03-20 11:27:13.374442
coconut,14,2019-03-27 14:11:34.512083
mackerel,14,2019-03-27 14:21:42.381427
raspberry,14,2019-03-27 14:31:49.348506
water,14,2019-03-30 11:24:34.271692
water,14,2019-04-08 12:39:18.837711
water,14,2019-04-17 12:20:47.733555
mango,14,2019-04-24 04:20:13.630099
cherry,14,2019-04-24 04:53:35.292301
lemon,14,2019-04-24 05:26:49.168939
water,14,2019-04-27 06:37:25.077596
water,14,2019-05-05 18:08:55.129291
water,14,2019-05-14 15:09:46.168599
lemon,14,2019-05-21 05:29:28.725722
cucumber,14,2019-05-21 05:53:08.016386
blackberry,14,2019-05-21 06:16:47.076451
water,14,2019-05-24 16:40:26.994124
water,15,2019-01-04 16:03:59.895214
tuna_fish,15,2019-01-10 14:51:45.420824
cherry,15,2019-01-10 14:57:26.186026
blackberry,15,2019-01-10 15:03:07.516202
water,15,2019-01-10 16:18:59.398766
water,15,2019-01-16 15:45:04.280111
water,15,2019-01-22 13:48:53.142125
orange,15,2019-01-26 20:11:53.810773
blueberry,15,2019-01-26 20:30:31.713970
acai,15,2019-01-26 20:49:07.781219
green_tea,15,2019-01-28 20:30:28.484113
water,15,2019-01-29 06:41:03.526049
water,15,2019-02-04 12:11:57.229612
water,15,2019-02-10 14:16:28.320384
water,15,2019-02-16 15:14:15.410481
mint,15,2019-02-19 05:38:19.639736
green_tea,15,2019-02-19 05:51:48.654805
acai,15,2019-02-19 06:05:07.351637
water,15,2019-02-23 16:46:40.440319
water,15,2019-03-01 15:38:34.402727
coconut,15,2019-03-07 06:21:40.569591
grapefruit,15,2019-03-07 06:31:52.545360
eucalyptus,15,2019-03-07 06:42:01.368454
water,15,2019-03-07 14:10:29.162850
water,15,2019-03-13 16:52:31.339043
water,15,2019-03-19 14:57:40.474347
raspberry,15,2019-03-24 15:45:33.138177
lemonade,15,2019-03-24 15:51:43.586176
cucumber,15,2019-03-24 15:57:54.628793
water,15,2019-03-26 05:46:27.361582
water,15,2019-04-01 11:34:32.997312
water,15,2019-04-07 13:38:52.428752
water,15,2019-04-13 15:07:48.480596
earl_grey_tea,15,2019-04-13 17:31:11.334071
cucumber,15,2019-04-13 17:39:25.076592
mango,15,2019-04-13 17:47:40.673851
water,15,2019-04-19 16:17:58.225801
water,15,2019-04-25 16:52:14.044293
oolong,15,2019-04-30 20:19:17.025602
mackerel,15,2019-04-30 20:37:55.809146
pomegranate,15,2019-04-30 20:56:40.145668
water,15,2019-05-01 15:44:47.829901
water,15,2019-05-07 12:59:56.323881
water,15,2019-05-13 13:54:41.289599
pine_needle,15,2019-05-16 07:13:31.753739
key_lime,15,2019-05-16 07:21:45.185257
blueberry,15,2019-05-16 07:29:57.853070
water,15,2019-05-21 05:47:01.258442
water,15,2019-05-27 11:24:10.192205
water,16,2019-01-07 12:53:36.979936
earl_grey_tea,16,2019-01-12 11:25:53.927252
coconut,16,2019-01-12 11:32:09.643917
blackberry,16,2019-01-12 11:38:25.177399
lemon,16,2019-01-14 11:31:23.657793
water,16,2019-01-16 12:35:11.952186
water,16,2019-01-24 20:31:17.615879
pear,16,2019-02-02 10:01:09.430004
mackerel,16,2019-02-02 10:07:44.327748
mint,16,2019-02-02 10:14:20.650908
water,16,2019-02-02 13:29:42.967768
water,16,2019-02-11 11:31:47.927417
mackerel,16,2019-02-17 05:57:31.164174
blueberry,16,2019-02-17 06:12:53.462551
orange,16,2019-02-17 06:24:37.899960
water,16,2019-02-21 06:24:31.577436
water,16,2019-03-01 15:22:21.859504
lemon_lime,16,2019-03-02 16:45:25.687262
pomegranate,16,2019-03-02 16:53:31.393287
earl_grey_tea,16,2019-03-02 17:01:35.763168
water,16,2019-03-10 19:23:37.863164
water,16,2019-03-19 12:03:40.958589
pine_needle,16,2019-03-19 22:19:49.567014
cucumber,16,2019-03-19 23:15:04.919990
eucalyptus,16,2019-03-20 00:51:28.871738
water,16,2019-03-28 12:22:56.253690
water,16,2019-04-06 03:02:34.320239
raspberry,16,2019-04-06 17:31:49.376322
pine_needle,16,2019-04-06 17:41:20.342126
oolong,16,2019-04-06 17:50:54.507435
water,16,2019-04-14 23:14:34.961022
water,16,2019-04-23 11:45:00.155875
mango,16,2019-04-24 10:20:56.269715
raspberry,16,2019-04-24 10:27:32.077822
green_tea,16,2019-04-24 10:34:06.953589
water,16,2019-05-02 11:32:06.164766
water,16,2019-05-11 05:56:57.635347
orange,16,2019-05-11 12:41:27.467448
cherry,16,2019-05-11 12:47:37.083324
lime,16,2019-05-11 12:53:47.712853
water,16,2019-05-19 21:50:13.377579
water,16,2019-05-28 12:59:24.786891
cucumber,16,2019-05-28 15:08:33.682116
pomegranate,16,2019-05-28 15:15:42.919245
lemonade,16,2019-05-28 15:22:52.508535
water,17,2019-01-03 12:35:47.902729
water,17,2019-01-08 12:10:52.214956
pine_needle,17,2019-01-12 10:36:26.192023
green_tea,17,2019-01-12 10:40:12.812623
cranberry,17,2019-01-12 10:43:58.605480
water,17,2019-01-13 13:03:25.341107
water,17,2019-01-17 23:07:51.978571
earl_grey_tea,17,2019-01-22 09:54:09.411525
mango,17,2019-01-22 09:58:15.256768
lime,17,2019-01-22 10:02:21.745612
water,17,2019-01-23 02:44:51.544402
lime,17,2019-01-24 09:57:57.019080
water,17,2019-01-27 17:25:58.936865
water,17,2019-02-01 12:17:43.703782
water,17,2019-02-06 10:54:51.956812
earl_grey_tea,17,2019-02-06 15:55:04.052583
lime,17,2019-02-06 15:59:10.433827
cherry,17,2019-02-06 16:03:17.497450
water,17,2019-02-11 09:45:34.900513
water,17,2019-02-16 07:54:20.976523
water,17,2019-02-21 04:11:29.975252
cherry,17,2019-02-21 10:31:38.331199
coconut,17,2019-02-21 10:35:25.023766
strawberry,17,2019-02-21 10:39:13.061355
water,17,2019-02-25 20:55:50.350086
water,17,2019-03-02 12:00:17.084915
earl_grey_tea,17,2019-03-07 09:49:33.218100
mango,17,2019-03-07 09:53:39.729453
green_tea,17,2019-03-07 09:57:46.001583
water,17,2019-03-07 11:45:22.551826
water,17,2019-03-11 19:48:38.896227
water,17,2019-03-16 12:18:13.968684
water,17,2019-03-21 10:36:12.817401
lime,17,2019-03-23 19:30:45.779913
mango,17,2019-03-23 19:39:38.931158
lemon_lime,17,2019-03-23 19:48:31.079583
water,17,2019-03-27 07:22:28.865396
water,17,2019-04-01 05:37:48.498690
water,17,2019-04-05 21:08:01.164362
pear,17,2019-04-09 15:58:14.378964
peach,17,2019-04-09 16:02:19.813540
lemon_lime,17,2019-04-09 16:06:57.059980
water,17,2019-04-10 17:29:17.384628
grapefruit,17,2019-04-11 15:59:15.353743
water,17,2019-04-15 12:39:25.625470
water,17,2019-04-20 11:42:13.507645
water,17,2019-04-25 10:25:12.475518
acai,17,2019-04-29 07:38:11.923579
lime,17,2019-04-29 07:43:38.814649
mango,17,2019-04-29 07:49:05.215044
water,17,2019-04-30 16:44:39.867002
lemon_lime,17,2019-05-01 07:41:54.780293
water,17,2019-05-05 12:10:56.513675
water,17,2019-05-10 11:20:31.231396
water,17,2019-05-15 09:21:20.130153
eucalyptus,17,2019-05-19 09:21:14.424048
mango,17,2019-05-19 09:25:20.418492
lime,17,2019-05-19 09:29:27.107369
water,17,2019-05-20 10:55:08.136959
water,17,2019-05-25 11:53:27.778767
raspberry,17,2019-05-29 21:27:05.188912
acai,17,2019-05-29 21:45:55.046924
grapefruit,17,2019-05-29 22:04:48.611439
water,17,2019-05-30 10:02:35.702510
water,18,2019-01-04 12:17:05.488601
cherry,18,2019-01-07 12:33:37.165013
mango,18,2019-01-07 12:36:54.432591
key_lime,18,2019-01-07 12:40:10.607098
strawberry,18,2019-01-09 12:36:27.873677
water,18,2019-01-11 12:01:01.705698
water,18,2019-01-17 08:34:19.773732
grapefruit,18,2019-01-21 13:19:39.277074
earl_grey_tea,18,2019-01-21 13:22:58.886301
mint,18,2019-01-21 13:26:19.914812
water,18,2019-01-24 09:45:55.691110
water,18,2019-01-30 09:53:52.732085
lemon_lime,18,2019-02-04 06:07:54.127135
eucalyptus,18,2019-02-04 06:14:08.589346
peach,18,2019-02-04 06:20:23.146464
water,18,2019-02-05 16:16:05.223889
water,18,2019-02-11 12:27:02.851800
cherry,18,2019-02-15 16:41:53.437973
lemon,18,2019-02-15 16:46:12.879919
peach,18,2019-02-15 16:50:30.101097
water,18,2019-02-18 13:59:16.024927
water,18,2019-02-24 11:14:23.581542
lemon_lime,18,2019-03-02 06:25:34.806761
acai,18,2019-03-02 06:31:49.680883
orange,18,2019-03-02 06:38:04.981531
water,18,2019-03-02 13:39:50.751150
water,18,2019-03-08 11:27:25.252168
water,18,2019-03-13 18:47:28.840449
cranberry,18,2019-03-16 11:40:35.101402
lemon_lime,18,2019-03-16 11:43:55.881992
raspberry,18,2019-03-16 11:47:15.016148
water,18,2019-03-20 16:16:00.174638
cranberry,18,2019-03-25 13:39:34.085448
peach,18,2019-03-25 13:42:54.388344
peach,18,2019-03-25 13:46:14.263759
water,18,2019-03-26 11:51:27.237510
water,18,2019-04-01 08:22:14.986490
lemon,18,2019-04-06 10:50:32.915735
cherry,18,2019-04-06 10:54:02.795230
green_tea,18,2019-04-06 10:57:31.852000
water,18,2019-04-07 17:28:54.651598
water,18,2019-04-13 11:40:28.857573
lime,18,2019-04-17 07:02:27.710838
oolong,18,2019-04-17 07:07:31.389485
green_tea,18,2019-04-17 07:12:35.109453
water,18,2019-04-19 13:13:45.546455
water,18,2019-04-25 11:07:11.609796
lemonade,18,2019-04-28 15:50:55.388139
lemon_lime,18,2019-04-28 15:54:43.371496
strawberry,18,2019-04-28 15:58:31.480653
water,18,2019-05-02 04:46:24.563548
water,18,2019-05-08 05:36:35.766487
acai,18,2019-05-11 11:00:43.262133
coconut,18,2019-05-11 11:04:02.554676
pomegranate,18,2019-05-11 11:07:22.648418
water,18,2019-05-14 10:46:40.102137
water,18,2019-05-20 11:54:10.756113
pomegranate,18,2019-05-23 04:57:47.215593
raspberry,18,2019-05-23 05:09:21.578266
tuna_fish,18,2019-05-23 05:17:32.876162
water,18,2019-05-26 15:52:13.482991
water,19,2019-01-10 15:59:07.027633
cherry,19,2019-01-17 13:00:13.206557
coconut,19,2019-01-17 13:09:22.447295
coconut,19,2019-01-17 13:18:31.669085
mint,19,2019-01-19 13:04:27.313447
water,19,2019-01-22 18:17:17.530150
water,19,2019-02-03 10:23:04.316400
pine_needle,19,2019-02-15 06:20:41.496166
peach,19,2019-02-15 06:37:53.644285
mint,19,2019-02-15 06:55:08.010767
water,19,2019-02-15 14:49:07.709059
water,19,2019-02-27 09:04:10.114580
acai,19,2019-03-06 06:02:09.133686
acai,19,2019-03-06 06:19:20.648807
pine_needle,19,2019-03-06 06:36:32.228051
water,19,2019-03-12 10:13:26.507542
water,19,2019-03-23 20:40:43.203244
blackberry,19,2019-03-27 15:25:27.445640
grapefruit,19,2019-03-27 15:35:56.061488
pear,19,2019-03-27 15:46:24.025559
water,19,2019-04-05 15:12:59.299945
water,19,2019-04-17 12:50:26.431330
blueberry,19,2019-04-22 14:19:50.340827
cucumber,19,2019-04-22 14:29:27.316850
lemon_lime,19,2019-04-22 14:39:04.318134
water,19,2019-04-30 12:32:04.291889
water,19,2019-05-12 11:24:42.001803
lemon,19,2019-05-19 18:37:25.307996
lemon,19,2019-05-19 18:54:36.581744
mango,19,2019-05-19 19:11:47.670440
water,19,2019-05-25 08:01:03.636487
water,20,2019-01-16 07:18:27.922593
acai,20,2019-01-19 11:55:29.538065
blueberry,20,2019-01-19 12:06:16.415479
eucalyptus,20,2019-01-19 12:16:50.448059
water,20,2019-02-02 06:58:55.822201
mango,20,2019-02-10 05:25:09.932603
orange,20,2019-02-10 05:51:31.705506
strawberry,20,2019-02-10 06:17:53.353346
water,20,2019-02-19 09:38:31.404295
water,20,2019-03-08 08:08:54.955467
cucumber,20,2019-03-14 07:02:43.052064
mango,20,2019-03-14 07:19:03.411890
eucalyptus,20,2019-03-14 07:35:22.213502
water,20,2019-03-25 14:36:23.705608
blackberry,20,2019-04-05 06:58:30.969940
lemon_lime,20,2019-04-05 07:18:43.661640
acai,20,2019-04-05 07:35:05.189407
water,20,2019-04-11 14:10:28.776655
lemonade,20,2019-04-25 06:40:38.618823
blueberry,20,2019-04-25 07:00:49.119922
cranberry,20,2019-04-25 07:17:08.075444
water,20,2019-04-28 11:54:54.906082
water,20,2019-05-15 12:13:43.238078
strawberry,20,2019-05-21 23:50:45.125557
coconut,20,2019-05-22 02:36:24.326450
orange,20,2019-05-22 04:11:18.676372
water,21,2019-01-07 17:36:38.286847
blackberry,21,2019-01-10 11:30:29.601051
blueberry,21,2019-01-10 11:37:05.405310
green_tea,21,2019-01-10 11:43:43.046900
water,21,2019-01-17 10:44:35.229412
key_lime,21,2019-01-24 14:41:12.098266
lime,21,2019-01-24 14:48:07.412190
mint,21,2019-01-24 14:55:03.377470
water,21,2019-01-27 08:02:07.196502
water,21,2019-02-05 05:57:28.755717
lemonade,21,2019-02-11 20:32:42.643350
lemon_lime,21,2019-02-11 20:55:27.761665
tuna_fish,21,2019-02-11 21:18:10.463123
water,21,2019-02-14 08:20:10.915792
water,21,2019-02-23 09:34:48.950437
tuna_fish,21,2019-03-01 12:06:47.332849
pine_needle,21,2019-03-01 12:13:16.123254
mango,21,2019-03-01 12:19:44.967713
water,21,2019-03-05 13:55:18.920732
water,21,2019-03-14 14:04:03.795215
pine_needle,21,2019-03-20 09:32:32.699493
pomegranate,21,2019-03-20 09:40:04.112386
earl_grey_tea,21,2019-03-20 09:47:35.693933
water,21,2019-03-25 05:10:13.904920
water,21,2019-04-03 03:48:52.434830
strawberry,21,2019-04-08 10:07:22.564328
oolong,21,2019-04-08 10:14:17.774963
earl_grey_tea,21,2019-04-08 10:21:13.565532
water,21,2019-04-13 09:18:57.649917
water,21,2019-04-22 06:51:09.363280
lemon,21,2019-04-27 11:53:35.969490
mint,21,2019-04-27 12:00:12.508479
eucalyptus,21,2019-04-27 12:06:42.154127
water,21,2019-05-02 10:38:48.524114
water,21,2019-05-11 10:50:05.219818
mint,21,2019-05-16 13:55:47.386331
raspberry,21,2019-05-16 14:02:24.055409
blueberry,21,2019-05-16 14:09:19.887594
water,21,2019-05-21 15:42:52.407637
water,21,2019-05-30 14:40:56.525611
lemonade,22,2019-01-07 23:28:41.039654
oolong,22,2019-01-08 01:58:37.917713
earl_grey_tea,22,2019-01-08 04:28:12.804807
water,22,2019-01-15 14:52:31.268249
water,22,2019-01-31 05:49:19.401107
cucumber,22,2019-02-01 16:57:28.403576
mango,22,2019-02-01 17:10:01.858037
oolong,22,2019-02-01 17:24:48.572826
water,22,2019-02-16 15:35:06.931065
strawberry,22,2019-02-26 02:08:59.590373
raspberry,22,2019-02-26 03:34:47.303515
mackerel,22,2019-02-26 04:26:03.022021
water,22,2019-03-05 09:31:59.003844
water,22,2019-03-20 15:17:45.403691
peach,22,2019-03-28 12:04:02.839748
tuna_fish,22,2019-03-28 12:13:35.754052
strawberry,22,2019-03-28 12:23:08.656686
water,22,2019-04-06 10:24:27.282063
eucalyptus,22,2019-04-14 15:24:25.938796
strawberry,22,2019-04-14 15:35:32.124984
earl_grey_tea,22,2019-04-14 15:46:38.282924
water,22,2019-04-22 07:23:01.592944
water,22,2019-05-07 12:41:58.616241
eucalyptus,22,2019-05-08 21:11:52.727931
blueberry,22,2019-05-08 22:03:02.237327
orange,22,2019-05-08 23:28:48.173257
water,22,2019-05-23 22:02:26.392705
water,23,2019-01-06 11:34:26.116963
earl_grey_tea,23,2019-01-13 12:30:35.958189
lemon,23,2019-01-13 12:38:19.065220
key_lime,23,2019-01-13 12:46:03.667797
water,23,2019-01-14 16:54:50.461679
water,23,2019-01-22 12:05:20.807302
water,23,2019-01-30 09:01:52.603232
lemonade,23,2019-02-04 16:43:37.838202
strawberry,23,2019-02-04 16:53:47.250678
lemon,23,2019-02-04 17:03:55.031250
water,23,2019-02-08 11:50:04.195190
water,23,2019-02-16 10:30:02.882041
water,23,2019-02-24 10:38:14.715358
oolong,23,2019-02-25 01:14:18.789388
pear,23,2019-02-25 03:15:18.261513
lemon_lime,23,2019-02-25 03:56:37.355864
water,23,2019-03-04 13:09:00.206906
water,23,2019-03-12 13:24:16.498337
water,23,2019-03-20 12:14:25.641588
acai,23,2019-03-23 12:12:06.977323
coconut,23,2019-03-23 12:19:53.785594
green_tea,23,2019-03-23 12:27:36.955163
water,23,2019-03-28 21:12:44.622798
water,23,2019-04-05 13:55:05.128238
green_tea,23,2019-04-12 18:04:54.865246
mackerel,23,2019-04-12 18:19:39.362935
lemon,23,2019-04-12 18:34:25.443218
water,23,2019-04-13 11:26:47.086348
water,23,2019-04-21 09:56:30.275901
water,23,2019-04-29 11:02:35.657158
mackerel,23,2019-05-04 12:29:55.095285
green_tea,23,2019-05-04 12:37:39.583198
earl_grey_tea,23,2019-05-04 12:45:22.687692
water,23,2019-05-08 15:53:56.912898
water,23,2019-05-16 11:42:04.054709
water,23,2019-05-24 11:33:52.229318
raspberry,23,2019-05-28 18:34:14.742743
orange,23,2019-05-28 18:49:01.996552
lemonade,23,2019-05-28 19:03:45.687086
water,24,2019-01-04 11:37:14.777570
water,24,2019-01-10 08:13:12.461261
eucalyptus,24,2019-01-13 10:05:46.939719
eucalyptus,24,2019-01-13 10:10:58.620232
mango,24,2019-01-13 10:16:08.753270
cranberry,24,2019-01-15 10:10:49.852247
water,24,2019-01-16 16:15:38.421302
water,24,2019-01-22 10:15:49.844653
water,24,2019-01-28 09:48:56.586309
lemon_lime,24,2019-01-31 18:27:58.789045
lemonade,24,2019-01-31 18:37:19.320171
cherry,24,2019-01-31 18:46:35.326666
water,24,2019-02-04 11:12:08.149425
water,24,2019-02-10 10:16:00.110022
water,24,2019-02-16 10:21:11.667955
earl_grey_tea,24,2019-02-16 10:47:07.454369
blackberry,24,2019-02-16 10:52:18.035273
peach,24,2019-02-16 10:57:28.786037
water,24,2019-02-22 10:16:43.727160
water,24,2019-02-28 10:53:11.615045
lemon,24,2019-03-06 07:30:02.986359
cucumber,24,2019-03-06 07:37:31.622739
peach,24,2019-03-06 07:45:00.630840
water,24,2019-03-06 11:02:36.912252
water,24,2019-03-12 10:47:18.742449
water,24,2019-03-18 10:26:17.392090
water,24,2019-03-24 09:10:03.058563
tuna_fish,24,2019-03-27 17:45:56.913360
orange,24,2019-03-27 17:53:28.901453
cucumber,24,2019-03-27 18:00:57.532178
water,24,2019-03-31 08:19:18.037986
water,24,2019-04-06 06:59:12.297032
water,24,2019-04-12 07:52:40.787722
orange,24,2019-04-17 12:41:26.585219
pine_needle,24,2019-04-17 12:46:17.662713
blueberry,24,2019-04-17 12:51:09.129474
water,24,2019-04-18 06:39:56.343632
water,24,2019-04-24 05:14:06.013324
cucumber,24,2019-04-28 16:29:07.044184
acai,24,2019-04-28 16:35:29.769718
lemon_lime,24,2019-04-28 16:41:53.106036
water,24,2019-04-30 04:40:03.539665
water,24,2019-05-06 07:52:28.770996
water,24,2019-05-12 06:12:47.352245
lemonade,24,2019-05-17 09:10:17.658495
lemon,24,2019-05-17 09:15:55.300660
cranberry,24,2019-05-17 09:21:33.009396
water,24,2019-05-18 06:59:07.600134
water,24,2019-05-24 10:53:05.295629
water,24,2019-05-30 10:47:13.297555
water,25,2019-01-06 12:06:55.615681
lime,25,2019-01-11 07:38:22.930350
key_lime,25,2019-01-11 07:50:18.327038
cranberry,25,2019-01-11 08:02:16.806653
water,25,2019-01-15 09:55:37.658437
water,25,2019-01-23 12:21:08.477706
water,25,2019-01-31 11:25:39.200341
coconut,25,2019-01-31 18:02:12.192867
blackberry,25,2019-01-31 18:16:55.786148
grapefruit,25,2019-01-31 18:31:39.786772
water,25,2019-02-08 12:22:48.392662
water,25,2019-02-16 11:11:12.297345
water,25,2019-02-24 11:03:27.120534
acai,25,2019-03-01 17:40:53.837146
earl_grey_tea,25,2019-03-01 17:52:53.245421
lemon_lime,25,2019-03-01 18:04:49.617583
water,25,2019-03-05 09:48:55.046351
water,25,2019-03-13 14:19:59.513315
peach,25,2019-03-20 07:25:49.798290
mango,25,2019-03-20 07:37:45.272516
acai,25,2019-03-20 07:49:41.233330
water,25,2019-03-22 08:52:25.540779
water,25,2019-03-30 09:11:38.226632
water,25,2019-04-07 11:56:35.158735
water,25,2019-04-15 10:37:16.764698
mint,25,2019-04-19 06:02:33.021216
strawberry,25,2019-04-19 06:17:22.246759
orange,25,2019-04-19 06:32:10.313520
pomegranate,25,2019-04-21 06:14:55.055971
water,25,2019-04-23 19:01:05.450532
water,25,2019-05-01 13:46:10.806426
water,25,2019-05-09 12:05:57.425039
pear,25,2019-05-14 11:26:23.790852
tuna_fish,25,2019-05-14 11:34:15.646160
cranberry,25,2019-05-14 11:42:06.525821
water,25,2019-05-17 20:27:54.944965
water,25,2019-05-25 13:23:40.776329
water,26,2019-01-08 18:48:16.585228
water,26,2019-01-18 18:29:45.327596
oolong,26,2019-01-22 11:45:23.639690
blackberry,26,2019-01-22 11:56:40.396205
blackberry,26,2019-01-22 12:07:56.434497
water,26,2019-01-29 07:17:58.847417
water,26,2019-02-08 07:52:49.669187
cranberry,26,2019-02-14 08:26:57.567152
mango,26,2019-02-14 08:41:30.427889
earl_grey_tea,26,2019-02-14 08:56:04.960565
water,26,2019-02-18 14:11:14.528985
water,26,2019-02-28 19:36:53.994656
blueberry,26,2019-03-09 07:43:49.782355
coconut,26,2019-03-09 08:01:00.383617
coconut,26,2019-03-09 08:15:33.998617
water,26,2019-03-10 19:36:59.515922
water,26,2019-03-20 17:05:27.309221
water,26,2019-03-30 18:56:49.939758
water,26,2019-04-09 16:59:16.256644
oolong,26,2019-04-18 13:06:53.108279
cherry,26,2019-04-18 13:18:13.258712
lemon,26,2019-04-18 13:29:30.833539
water,26,2019-04-19 15:48:45.684071
water,26,2019-04-29 15:23:00.487757
water,26,2019-05-09 14:39:30.391672
mint,26,2019-05-12 13:41:29.390490
lemon,26,2019-05-12 13:52:45.179127
earl_grey_tea,26,2019-05-12 14:04:01.588680
water,26,2019-05-19 21:22:27.795782
water,26,2019-05-29 19:37:12.219901
green_tea,27,2019-01-10 06:14:21.898984
lemonade,27,2019-01-10 06:26:56.487914
coconut,27,2019-01-10 06:39:32.833883
water,27,2019-01-10 10:14:10.827925
lime,27,2019-01-12 06:15:42.271862
water,27,2019-01-21 12:58:18.012716
mackerel,27,2019-01-31 09:15:24.781334
pine_needle,27,2019-01-31 09:23:04.019264
blackberry,27,2019-01-31 09:30:43.307626
water,27,2019-02-02 17:44:22.562168
cucumber,27,2019-02-14 08:59:19.965393
strawberry,27,2019-02-14 09:07:58.178909
cherry,27,2019-02-14 09:15:38.546587
water,27,2019-02-14 09:38:38.845300
water,27,2019-02-25 16:38:50.296059
green_tea,27,2019-03-04 09:40:09.014824
strawberry,27,2019-03-04 09:47:48.554826
orange,27,2019-03-04 09:55:27.276120
water,27,2019-03-10 14:00:18.806122
water,27,2019-03-22 08:18:41.606195
pine_needle,27,2019-03-22 10:52:34.200607
cranberry,27,2019-03-22 10:59:36.443943
green_tea,27,2019-03-22 11:06:38.403297
water,27,2019-04-02 15:03:30.804464
pine_needle,27,2019-04-09 09:22:27.832905
pine_needle,27,2019-04-09 09:30:06.458426
coconut,27,2019-04-09 09:37:46.370103
water,27,2019-04-15 13:34:27.391160
water,27,2019-04-27 05:52:55.834613
earl_grey_tea,27,2019-04-27 10:40:19.094759
pomegranate,27,2019-04-27 10:47:20.978739
lime,27,2019-04-27 10:54:23.470232
water,27,2019-05-08 12:26:28.899277
acai,27,2019-05-15 11:33:44.625221
pomegranate,27,2019-05-15 11:40:26.613962
cranberry,27,2019-05-15 11:47:10.275012
water,27,2019-05-21 14:21:28.870605
water,28,2019-01-08 19:32:55.393266
water,28,2019-01-18 19:06:51.717629
grapefruit,28,2019-01-19 14:41:27.345261
cranberry,28,2019-01-19 14:53:26.015328
pear,28,2019-01-19 15:05:23.219221
water,28,2019-01-29 06:21:48.621604
water,28,2019-02-08 06:29:31.579069
cucumber,28,2019-02-15 10:08:48.131541
oolong,28,2019-02-15 10:20:43.925594
blackberry,28,2019-02-15 10:32:40.716759
water,28,2019-02-18 08:45:55.476697
water,28,2019-02-28 12:25:43.644196
water,28,2019-03-10 16:12:11.354006
cucumber,28,2019-03-18 20:39:12.960489
cranberry,28,2019-03-18 21:18:18.203963
strawberry,28,2019-03-18 22:17:56.936569
water,28,2019-03-21 04:57:38.101691
water,28,2019-03-31 10:31:22.471220
water,28,2019-04-10 14:40:45.694283
tuna_fish,28,2019-04-20 11:29:40.091636
mint,28,2019-04-20 11:41:00.698445
pear,28,2019-04-20 11:52:21.722952
water,28,2019-04-20 22:19:51.152033
water,28,2019-05-01 06:08:25.075769
pine_needle,28,2019-05-10 23:59:50.794916
tuna_fish,28,2019-05-11 02:54:29.700044
strawberry,28,2019-05-11 04:34:34.827137
water,28,2019-05-11 10:08:33.045659
water,28,2019-05-21 17:27:44.921404
water,29,2019-01-04 06:16:55.577279
peach,29,2019-01-07 12:11:49.753628
pine_needle,29,2019-01-07 12:14:42.296688
lemon,29,2019-01-07 12:17:36.006050
water,29,2019-01-10 10:37:49.532865
grapefruit,29,2019-01-15 16:01:59.386805
grapefruit,29,2019-01-15 16:05:45.847708
cucumber,29,2019-01-15 16:09:33.792119
water,29,2019-01-15 17:38:10.411758
water,29,2019-01-21 05:01:46.837250
coconut,29,2019-01-26 12:38:34.551886
blackberry,29,2019-01-26 12:41:27.700781
key_lime,29,2019-01-26 12:44:20.869348
water,29,2019-01-26 13:48:36.905872
water,29,2019-01-31 18:22:21.185706
water,29,2019-02-06 04:29:27.252628
acai,29,2019-02-08 16:47:49.643145
peach,29,2019-02-08 16:51:39.065910
grapefruit,29,2019-02-08 16:55:26.663687
mint,29,2019-02-10 16:51:32.538022
water,29,2019-02-12 10:50:16.304426
water,29,2019-02-17 17:39:09.968044
orange,29,2019-02-21 08:52:35.149914
pine_needle,29,2019-02-21 08:56:22.001441
lime,29,2019-02-21 09:00:09.541954
water,29,2019-02-23 05:58:00.488819
water,29,2019-02-28 14:44:08.702012
blackberry,29,2019-03-04 14:53:20.663758
blackberry,29,2019-03-04 14:56:25.978115
raspberry,29,2019-03-04 14:59:30.672940
water,29,2019-03-06 07:58:19.116138
cucumber,29,2019-03-06 14:55:07.187603
water,29,2019-03-11 19:58:43.049576
water,29,2019-03-16 20:36:15.864000
earl_grey_tea,29,2019-03-20 06:54:47.048121
key_lime,29,2019-03-20 07:00:17.855608
pomegranate,29,2019-03-20 07:04:46.185685
green_tea,29,2019-03-22 07:00:03.883010
water,29,2019-03-22 16:16:32.917419
water,29,2019-03-28 03:24:21.604383
lemon_lime,29,2019-04-01 05:22:09.543083
pine_needle,29,2019-04-01 05:29:20.860052
earl_grey_tea,29,2019-04-01 05:36:37.032687
water,29,2019-04-03 06:16:58.572951
water,29,2019-04-08 14:02:38.259001
tuna_fish,29,2019-04-12 09:30:00.758445
coconut,29,2019-04-12 09:33:20.947185
raspberry,29,2019-04-12 09:36:46.689375
water,29,2019-04-14 03:08:55.881483
water,29,2019-04-19 13:56:51.967858
lemon,29,2019-04-21 19:22:48.014583
lime,29,2019-04-21 19:29:59.467148
mint,29,2019-04-21 19:37:09.922722
water,29,2019-04-25 12:12:06.297045
water,29,2019-05-01 03:38:06.992504
tuna_fish,29,2019-05-04 05:38:13.234119
acai,29,2019-05-04 05:45:24.993682
pear,29,2019-05-04 05:52:37.049053
water,29,2019-05-07 14:55:01.654854
water,29,2019-05-13 01:31:14.357558
pear,29,2019-05-13 11:40:16.125814
oolong,29,2019-05-13 11:43:11.957585
acai,29,2019-05-13 11:46:07.198589
water,29,2019-05-18 12:12:37.761638
water,29,2019-05-24 03:53:58.541369
tuna_fish,29,2019-05-24 08:10:36.833253
raspberry,29,2019-05-24 08:14:23.584705
pomegranate,29,2019-05-24 08:18:10.465323
water,29,2019-05-29 15:02:47.505549
water,30,2019-01-10 13:49:42.566351
coconut,30,2019-01-15 11:08:02.666774
cucumber,30,2019-01-15 11:17:14.470464
orange,30,2019-01-15 11:26:25.362905
water,30,2019-01-22 20:10:12.844319
pine_needle,30,2019-02-01 10:36:23.056003
strawberry,30,2019-02-01 10:46:05.958852
mint,30,2019-02-01 10:55:46.659635
water,30,2019-02-03 13:25:10.248812
water,30,2019-02-15 13:43:13.634657
water,30,2019-02-27 11:33:05.950069
grapefruit,30,2019-03-02 01:54:08.197121
peach,30,2019-03-02 04:15:34.010943
pine_needle,30,2019-03-02 04:47:11.228843
water,30,2019-03-11 18:35:28.775463
lemonade,30,2019-03-21 13:52:17.751368
peach,30,2019-03-21 14:01:28.473988
mint,30,2019-03-21 14:11:08.224253
water,30,2019-03-24 13:42:34.074593
water,30,2019-04-05 14:13:01.503549
water,30,2019-04-17 11:38:09.311273
grapefruit,30,2019-04-18 14:49:31.296456
key_lime,30,2019-04-18 14:59:11.171817
strawberry,30,2019-04-18 15:08:51.851849
water,30,2019-04-29 17:28:47.309635
green_tea,30,2019-05-08 13:43:12.004007
eucalyptus,30,2019-05-08 13:52:24.285920
lemonade,30,2019-05-08 14:01:35.702119
water,30,2019-05-12 05:33:09.163020
water,30,2019-05-24 09:27:50.984470
water,31,2019-01-08 12:11:20.439298
lemon,31,2019-01-13 13:24:39.595088
lemon_lime,31,2019-01-13 13:31:42.857712
raspberry,31,2019-01-13 13:38:47.631454
water,31,2019-01-18 11:51:45.365750
water,31,2019-01-27 18:10:39.117931
blueberry,31,2019-01-30 15:23:17.538011
cucumber,31,2019-01-30 15:31:20.688815
blackberry,31,2019-01-30 15:39:25.896227
water,31,2019-02-06 09:58:04.903857
lemon_lime,31,2019-02-14 10:30:32.483210
pine_needle,31,2019-02-14 10:38:00.645627
green_tea,31,2019-02-14 10:45:24.778250
water,31,2019-02-15 17:39:30.465257
water,31,2019-02-25 12:07:54.595071
water,31,2019-03-07 05:49:14.334555
green_tea,31,2019-03-07 18:15:10.174286
strawberry,31,2019-03-07 18:28:24.049977
oolong,31,2019-03-07 18:41:40.833058
water,31,2019-03-16 20:41:01.410752
tuna_fish,31,2019-03-22 08:15:23.684429
pomegranate,31,2019-03-22 08:24:30.887501
grapefruit,31,2019-03-22 08:33:38.535506
water,31,2019-03-26 22:19:13.680782
water,31,2019-04-05 12:29:13.581983
pear,31,2019-04-11 08:50:31.007485
lemon_lime,31,2019-04-11 08:59:40.571338
grapefruit,31,2019-04-11 09:08:47.311885
water,31,2019-04-16 05:32:06.851641
water,31,2019-04-25 12:56:32.061617
peach,31,2019-05-02 09:17:04.429657
cucumber,31,2019-05-02 09:25:07.523190
strawberry,31,2019-05-02 09:33:11.179670
water,31,2019-05-06 07:06:50.538786
water,31,2019-05-15 14:29:13.776909
coconut,31,2019-05-23 16:36:29.227885
oolong,31,2019-05-23 16:45:39.127707
raspberry,31,2019-05-23 16:54:47.550030
water,31,2019-05-26 12:47:18.156511
water,32,2019-01-09 11:03:45.785344
pear,32,2019-01-12 19:16:32.684686
cranberry,32,2019-01-12 19:31:05.472912
coconut,32,2019-01-12 19:45:38.294557
mint,32,2019-01-14 19:21:38.508448
water,32,2019-01-20 13:53:06.282477
water,32,2019-01-31 09:29:36.849164
coconut,32,2019-01-31 11:17:51.945893
raspberry,32,2019-01-31 11:23:47.340486
mackerel,32,2019-01-31 11:29:42.696381
water,32,2019-02-10 23:09:50.960690
raspberry,32,2019-02-16 17:22:16.933927
mint,32,2019-02-16 17:31:18.687902
cranberry,32,2019-02-16 17:40:21.608499
water,32,2019-02-21 08:24:06.926132
mackerel,32,2019-03-01 15:23:33.889622
strawberry,32,2019-03-01 15:30:22.698224
tuna_fish,32,2019-03-01 15:37:08.894747
water,32,2019-03-04 10:02:07.203621
water,32,2019-03-14 18:26:47.890395
earl_grey_tea,32,2019-03-16 09:32:54.837829
mackerel,32,2019-03-16 09:39:41.921718
cherry,32,2019-03-16 21:39:41.921718
water,32,2019-03-25 15:51:34.752564
peach,32,2019-03-31 13:16:01.753235
blueberry,32,2019-03-31 13:21:57.757489
lemon_lime,32,2019-03-31 13:27:53.492050
water,32,2019-04-05 09:41:53.142582
water,32,2019-04-15 21:09:56.594857
cranberry,32,2019-04-17 10:06:04.824824
grapefruit,32,2019-04-17 10:12:18.203201
tuna_fish,32,2019-04-17 10:18:32.529238
water,32,2019-04-26 10:53:30.325934
pear,32,2019-05-01 18:17:47.282077
lime,32,2019-05-01 18:28:59.127909
pomegranate,32,2019-05-01 18:40:07.127001
water,32,2019-05-07 10:35:34.741403
water,32,2019-05-17 19:24:48.355258
peach,32,2019-05-20 23:50:04.337986
cranberry,32,2019-05-21 01:21:38.854898
mint,32,2019-05-21 02:52:56.492086
tuna_fish,32,2019-05-23 00:41:47.305878
water,32,2019-05-28 14:50:39.187799
water,33,2019-01-05 20:41:22.949345
water,33,2019-01-13 02:55:20.577986
strawberry,33,2019-01-13 14:42:47.594117
coconut,33,2019-01-13 14:50:12.592690
pear,33,2019-01-13 14:57:37.670334
water,33,2019-01-19 20:53:42.133456
water,33,2019-01-26 15:09:10.191537
peach,33,2019-02-02 11:57:28.862110
lemon,33,2019-02-02 12:04:32.244463
pear,33,2019-02-02 12:11:30.634288
water,33,2019-02-02 18:20:27.722890
water,33,2019-02-09 21:51:28.148879
water,33,2019-02-16 19:55:02.232587
cucumber,33,2019-02-21 10:23:28.586792
pomegranate,33,2019-02-21 10:30:54.044602
oolong,33,2019-02-21 10:38:19.360221
water,33,2019-02-24 10:49:02.414564
water,33,2019-03-03 17:44:21.816212
water,33,2019-03-10 18:09:31.299624
water,33,2019-03-17 17:19:30.619591
cucumber,33,2019-03-20 22:27:46.466188
lemonade,33,2019-03-20 23:30:07.680050
orange,33,2019-03-21 01:18:52.012544
blueberry,33,2019-03-22 22:28:38.172876
water,33,2019-03-25 09:45:33.144036
water,33,2019-04-01 16:11:20.905557
water,33,2019-04-09 03:38:06.039338
raspberry,33,2019-04-09 16:07:15.062158
cherry,33,2019-04-09 16:16:23.614260
lemonade,33,2019-04-09 16:25:31.652835
water,33,2019-04-16 07:17:04.718868
water,33,2019-04-23 08:52:32.225294
water,33,2019-04-30 15:11:49.271407
mackerel,33,2019-04-30 15:44:09.739415
acai,33,2019-04-30 15:52:13.807922
grapefruit,33,2019-04-30 16:00:18.803898
water,33,2019-05-07 19:30:04.283982
water,33,2019-05-14 18:15:51.127361
key_lime,33,2019-05-19 08:59:58.068168
lemonade,33,2019-05-19 09:09:07.876605
eucalyptus,33,2019-05-19 09:17:12.437901
water,33,2019-05-22 11:43:22.550237
water,33,2019-05-29 17:19:41.578066
water,34,2019-01-03 04:21:26.562886
water,34,2019-01-07 11:43:35.879200
mackerel,34,2019-01-10 07:54:50.237623
eucalyptus,34,2019-01-10 07:59:16.510135
raspberry,34,2019-01-10 08:03:43.472371
lemon,34,2019-01-12 07:59:06.297656
water,34,2019-01-12 14:00:31.400856
water,34,2019-01-16 21:02:11.555048
cucumber,34,2019-01-20 20:26:23.333887
strawberry,34,2019-01-20 20:36:27.281305
blackberry,34,2019-01-20 20:46:43.214624
water,34,2019-01-20 23:00:43.144662
water,34,2019-01-25 10:00:34.858544
water,34,2019-01-29 14:03:31.076717
water,34,2019-02-03 02:16:30.569801
mango,34,2019-02-06 14:03:24.899716
raspberry,34,2019-02-06 14:06:28.876799
raspberry,34,2019-02-06 14:09:33.614229
water,34,2019-02-08 13:24:17.850987
mint,34,2019-02-08 14:05:29.834837
water,34,2019-02-13 03:39:41.101128
water,34,2019-02-17 11:19:51.968542
water,34,2019-02-21 17:02:46.498358
mango,34,2019-02-22 04:40:00.463829
key_lime,34,2019-02-22 04:50:07.507514
earl_grey_tea,34,2019-02-22 05:00:11.079356
water,34,2019-02-25 20:17:07.881059
water,34,2019-03-01 21:21:50.064182
pear,34,2019-03-05 19:08:20.779764
oolong,34,2019-03-05 19:15:38.338046
raspberry,34,2019-03-05 19:22:50.686200
water,34,2019-03-06 03:23:02.267926
water,34,2019-03-10 06:10:52.262069
water,34,2019-03-14 11:26:14.224810
pear,34,2019-03-18 10:13:55.331776
key_lime,34,2019-03-18 10:16:59.757673
peach,34,2019-03-18 10:20:04.896101
water,34,2019-03-18 16:52:06.943961
water,34,2019-03-22 22:34:42.124010
water,34,2019-03-27 10:22:02.276375
water,34,2019-03-31 14:30:35.322190
earl_grey_tea,34,2019-03-31 17:02:33.390171
lemonade,34,2019-03-31 17:06:59.590214
mint,34,2019-03-31 17:11:26.882934
water,34,2019-04-05 04:50:41.847562
water,34,2019-04-09 11:45:54.977689
lemon,34,2019-04-12 12:12:38.032408
eucalyptus,34,2019-04-12 12:15:30.630963
mackerel,34,2019-04-12 12:18:23.644593
water,34,2019-04-14 16:55:44.122508
water,34,2019-04-18 20:42:19.790694
water,34,2019-04-23 02:15:48.647653
blueberry,34,2019-04-25 14:00:00.987309
mackerel,34,2019-04-25 14:03:04.947539
lemonade,34,2019-04-25 14:06:09.125502
water,34,2019-04-28 17:47:55.353897
water,34,2019-05-02 20:26:20.128465
water,34,2019-05-07 01:52:12.705123
green_tea,34,2019-05-09 12:17:45.040493
blueberry,34,2019-05-09 12:20:38.529438
mango,34,2019-05-09 12:23:31.616314
water,34,2019-05-12 18:01:00.679212
water,34,2019-05-16 22:34:22.440406
water,34,2019-05-21 10:56:07.542468
lemonade,34,2019-05-23 19:44:39.875562
lemonade,34,2019-05-23 19:51:49.840303
pine_needle,34,2019-05-23 19:59:03.367297
water,34,2019-05-27 09:03:04.166887
water,35,2019-01-05 10:19:40.164677
water,35,2019-01-12 09:32:26.770080
mint,35,2019-01-15 12:38:10.713427
cherry,35,2019-01-15 12:44:13.927472
coconut,35,2019-01-15 12:50:17.308163
water,35,2019-01-19 16:04:36.353494
water,35,2019-01-26 08:14:46.079958
tuna_fish,35,2019-02-01 10:26:22.327348
blueberry,35,2019-02-01 10:32:50.615525
orange,35,2019-02-01 10:39:19.628755
water,35,2019-02-02 08:22:28.892102
water,35,2019-02-08 14:53:54.419725
water,35,2019-02-15 09:46:17.012154
eucalyptus,35,2019-02-17 18:12:15.580471
blackberry,35,2019-02-17 18:23:52.630638
pomegranate,35,2019-02-17 18:35:25.986296
water,35,2019-02-21 15:50:48.801204
water,35,2019-02-28 10:18:31.316969
water,35,2019-03-07 07:57:25.485922
lemon_lime,35,2019-03-07 14:54:15.955664
earl_grey_tea,35,2019-03-07 15:00:43.868632
coconut,35,2019-03-07 15:07:45.871828
water,35,2019-03-14 07:30:49.261576
water,35,2019-03-21 08:00:23.015889
water,35,2019-03-28 08:15:37.322978
lemonade,35,2019-04-02 17:48:02.323393
strawberry,35,2019-04-02 17:57:23.801599
raspberry,35,2019-04-02 18:06:46.532184
water,35,2019-04-04 14:35:06.604060
lemonade,35,2019-04-04 17:56:27.152696
water,35,2019-04-11 10:52:41.016091
water,35,2019-04-18 09:16:18.636778
water,35,2019-04-25 08:14:16.295043
coconut,35,2019-04-29 12:06:35.920568
raspberry,35,2019-04-29 12:12:39.651855
lime,35,2019-04-29 12:18:44.640155
water,35,2019-05-02 20:04:29.290560
water,35,2019-05-09 11:18:24.722809
water,35,2019-05-16 08:54:54.549896
lemon_lime,35,2019-05-21 10:20:02.731620
peach,35,2019-05-21 10:26:30.802146
strawberry,35,2019-05-21 10:32:59.785743
water,35,2019-05-23 17:57:17.793424
water,35,2019-05-30 10:17:51.077576
water,36,2019-01-11 20:54:41.084530
green_tea,36,2019-01-12 08:21:50.270571
mango,36,2019-01-12 08:31:57.843793
lemonade,36,2019-01-12 08:42:05.372174
water,36,2019-01-24 16:33:24.016258
cucumber,36,2019-01-31 09:47:43.104422
oolong,36,2019-01-31 09:56:41.289610
blackberry,36,2019-01-31 10:05:40.559597
water,36,2019-02-06 19:59:59.209261
lemon,36,2019-02-16 16:42:28.714535
cucumber,36,2019-02-16 16:52:35.278222
pine_needle,36,2019-02-16 17:02:41.892718
water,36,2019-02-20 09:02:33.638616
water,36,2019-03-05 19:53:07.045380
tuna_fish,36,2019-03-06 16:51:46.584389
cranberry,36,2019-03-06 17:01:54.891317
cherry,36,2019-03-06 17:13:49.142876
water,36,2019-03-19 03:55:33.339258
key_lime,36,2019-03-24 16:12:09.031478
cucumber,36,2019-03-24 16:22:19.376482
tuna_fish,36,2019-03-24 16:32:26.042078
water,36,2019-04-01 10:05:40.495384
eucalyptus,36,2019-04-11 12:37:23.914307
cranberry,36,2019-04-11 12:45:07.778809
key_lime,36,2019-04-11 12:52:49.784385
water,36,2019-04-15 22:34:15.073136
water,36,2019-04-28 17:14:39.089095
cucumber,36,2019-05-02 12:52:05.305685
blackberry,36,2019-05-02 12:59:48.793458
earl_grey_tea,36,2019-05-02 13:07:31.152985
water,36,2019-05-13 07:26:52.095368
pear,36,2019-05-23 06:59:46.219198
mackerel,36,2019-05-23 07:14:28.829228
mint,36,2019-05-23 07:26:24.395785
water,36,2019-05-27 13:32:02.566839
water,37,2019-01-12 14:31:59.704597
coconut,37,2019-01-17 12:07:57.918949
mint,37,2019-01-17 12:18:52.652211
cucumber,37,2019-01-17 12:29:47.166817
water,37,2019-01-26 12:51:18.206780
cranberry,37,2019-02-06 07:39:58.361242
peach,37,2019-02-06 07:56:49.539934
key_lime,37,2019-02-06 08:13:41.162972
water,37,2019-02-09 11:00:27.459218
water,37,2019-02-23 15:45:35.582502
coconut,37,2019-03-07 09:37:01.842249
blackberry,37,2019-03-07 09:49:43.089204
key_lime,37,2019-03-07 10:02:24.359020
water,37,2019-03-09 13:23:34.635821
water,37,2019-03-23 17:41:16.145013
water,37,2019-04-06 14:44:47.634487
oolong,37,2019-04-09 20:47:35.372506
green_tea,37,2019-04-09 21:25:47.436168
pomegranate,37,2019-04-09 22:24:06.195935
water,37,2019-04-21 08:29:50.806271
water,37,2019-05-04 16:52:53.295613
key_lime,37,2019-05-07 13:35:20.867317
oolong,37,2019-05-07 13:46:27.753697
blackberry,37,2019-05-07 13:57:32.878702
water,37,2019-05-18 15:07:11.638417
mackerel,37,2019-05-27 14:07:00.120626
earl_grey_tea,37,2019-05-27 14:18:39.755598
blueberry,37,2019-05-27 14:30:19.480993
water,38,2019-01-06 13:49:33.871842
key_lime,38,2019-01-10 09:49:03.073572
orange,38,2019-01-10 09:55:05.864325
earl_grey_tea,38,2019-01-10 10:01:08.379066
water,38,2019-01-14 21:01:42.157091
water,38,2019-01-22 13:18:32.616025
coconut,38,2019-01-27 03:37:01.859578
raspberry,38,2019-01-27 04:04:51.576572
green_tea,38,2019-01-27 04:23:10.732042
lime,38,2019-01-29 04:01:56.111185
water,38,2019-01-31 07:13:52.182344
water,38,2019-02-08 10:04:03.639018
blackberry,38,2019-02-15 11:11:50.751864
blueberry,38,2019-02-15 11:17:07.889148
lemonade,38,2019-02-15 11:22:25.188450
water,38,2019-02-16 11:46:04.085742
water,38,2019-02-24 12:56:16.884547
coconut,38,2019-03-03 17:50:38.704316
pine_needle,38,2019-03-03 17:58:42.648468
orange,38,2019-03-03 18:06:46.747128
water,38,2019-03-04 11:49:25.428201
water,38,2019-03-11 21:29:18.457321
acai,38,2019-03-17 17:36:35.134389
earl_grey_tea,38,2019-03-17 17:44:38.380291
oolong,38,2019-03-17 17:52:40.465105
tuna_fish,38,2019-03-19 17:37:41.830986
water,38,2019-03-19 19:40:41.981391
water,38,2019-03-27 13:55:34.122103
water,38,2019-04-04 12:37:05.770843
raspberry,38,2019-04-04 14:01:21.188540
lemonade,38,2019-04-04 14:06:58.691067
raspberry,38,2019-04-04 14:12:32.242658
water,38,2019-04-12 13:23:27.366687
pear,38,2019-04-20 11:02:08.140214
raspberry,38,2019-04-20 11:07:25.493646
strawberry,38,2019-04-20 11:12:42.637694
water,38,2019-04-20 12:16:02.319787
water,38,2019-04-28 06:15:04.041893
pear,38,2019-05-05 03:36:44.975615
grapefruit,38,2019-05-05 04:04:34.326508
cucumber,38,2019-05-05 04:22:48.176841
water,38,2019-05-06 10:51:41.427241
water,38,2019-05-14 04:59:18.617931
raspberry,38,2019-05-20 08:56:29.359673
peach,38,2019-05-20 09:03:18.959593
cranberry,38,2019-05-20 09:09:22.932652
water,38,2019-05-22 12:00:51.720973
water,38,2019-05-30 13:19:24.381880
water,39,2019-01-04 06:25:50.791032
earl_grey_tea,39,2019-01-09 12:03:59.594037
green_tea,39,2019-01-09 12:08:22.731172
oolong,39,2019-01-09 12:12:45.720724
water,39,2019-01-09 15:39:48.430581
water,39,2019-01-15 06:41:35.957912
water,39,2019-01-20 13:41:21.112726
blackberry,39,2019-01-24 13:31:54.310458
grapefruit,39,2019-01-24 13:36:20.959224
raspberry,39,2019-01-24 13:40:47.857393
water,39,2019-01-26 12:07:45.493878
water,39,2019-01-31 17:04:45.916841
water,39,2019-02-06 04:47:43.463852
pomegranate,39,2019-02-09 06:51:06.189442
lemon_lime,39,2019-02-09 06:59:30.236124
pomegranate,39,2019-02-09 07:07:51.024419
water,39,2019-02-11 16:01:57.887204
water,39,2019-02-17 05:56:39.910772
water,39,2019-02-22 14:58:57.517444
lemonade,39,2019-02-25 15:15:20.995034
mint,39,2019-02-25 15:20:25.856132
oolong,39,2019-02-25 15:25:33.083683
water,39,2019-02-28 16:05:57.909607
water,39,2019-03-06 04:33:20.221330
water,39,2019-03-11 14:08:29.213570
tuna_fish,39,2019-03-15 15:46:16.795626
blueberry,39,2019-03-15 15:51:22.203304
acai,39,2019-03-15 15:56:27.279754
water,39,2019-03-17 05:14:26.057035
water,39,2019-03-22 16:50:55.946669
lemonade,39,2019-03-27 15:19:31.545813
cranberry,39,2019-03-27 15:24:36.947619
mango,39,2019-03-27 15:29:43.372586
water,39,2019-03-28 06:15:20.501693
water,39,2019-04-02 08:11:39.149991
water,39,2019-04-07 15:56:12.893635
peach,39,2019-04-12 08:24:27.554936
lemon_lime,39,2019-04-12 08:30:12.696551
strawberry,39,2019-04-12 08:35:58.304283
water,39,2019-04-13 14:02:50.112546
water,39,2019-04-19 05:34:38.333547
water,39,2019-04-24 14:16:55.045623
water,39,2019-04-30 02:57:54.986942
pine_needle,39,2019-04-30 08:17:57.105065
tuna_fish,39,2019-04-30 08:23:45.597612
eucalyptus,39,2019-04-30 08:29:30.939857
water,39,2019-05-05 15:04:31.895819
water,39,2019-05-10 22:59:58.883948
mackerel,39,2019-05-13 09:26:54.818115
pear,39,2019-05-13 09:32:01.137368
lemon_lime,39,2019-05-13 09:37:09.824538
water,39,2019-05-17 12:30:15.004513
water,39,2019-05-23 05:57:08.558863
water,39,2019-05-28 14:41:29.334057
water,40,2019-01-06 13:28:17.024104
tuna_fish,40,2019-01-10 13:23:01.275809
eucalyptus,40,2019-01-10 13:28:21.379311
cherry,40,2019-01-10 13:33:41.731197
water,40,2019-01-14 20:27:29.841662
water,40,2019-01-22 13:55:03.165338
tuna_fish,40,2019-01-23 10:41:28.748227
mango,40,2019-01-23 10:47:05.674234
pear,40,2019-01-23 10:52:42.828989
water,40,2019-01-30 13:21:36.987076
cucumber,40,2019-02-06 17:29:42.446469
earl_grey_tea,40,2019-02-06 17:37:51.684215
orange,40,2019-02-06 17:45:59.601922
water,40,2019-02-07 12:56:38.069622
water,40,2019-02-15 15:34:07.874098
water,40,2019-02-23 13:44:04.494867
earl_grey_tea,40,2019-02-24 10:09:02.760218
orange,40,2019-02-24 10:14:40.428270
raspberry,40,2019-02-24 10:20:17.662517
water,40,2019-03-03 14:04:56.782466
water,40,2019-03-11 12:08:55.665812
mango,40,2019-03-14 06:20:32.690534
peach,40,2019-03-14 06:30:34.932241
peach,40,2019-03-14 06:40:38.175107
water,40,2019-03-20 09:07:55.075284
water,40,2019-03-28 12:29:21.867319
green_tea,40,2019-03-28 12:45:12.073532
mango,40,2019-03-28 12:50:27.652742
strawberry,40,2019-03-28 12:55:42.660739
water,40,2019-04-04 23:14:01.988131
mint,40,2019-04-11 18:42:55.424595
green_tea,40,2019-04-11 18:53:01.680892
lemon,40,2019-04-11 19:03:03.216916
water,40,2019-04-12 14:46:02.155689
water,40,2019-04-20 08:41:18.561521
blackberry,40,2019-04-24 13:06:56.863637
blueberry,40,2019-04-24 13:12:18.004199
earl_grey_tea,40,2019-04-24 13:17:38.374117
water,40,2019-04-28 14:17:36.539678
water,40,2019-05-06 13:33:52.424678
pomegranate,40,2019-05-13 19:16:07.961377
green_tea,40,2019-05-13 19:29:14.521990
cucumber,40,2019-05-13 19:42:29.368673
water,40,2019-05-14 13:33:02.587403
water,40,2019-05-22 08:54:34.338613
blackberry,40,2019-05-26 14:43:58.591460
mackerel,40,2019-05-26 14:49:37.908982
key_lime,40,2019-05-26 14:55:14.832545
water,40,2019-05-30 18:52:34.200927
water,41,2019-01-10 17:44:41.569918
mango,41,2019-01-14 13:02:09.728341
cucumber,41,2019-01-14 13:11:36.683145
cranberry,41,2019-01-14 13:21:03.692472
water,41,2019-01-23 09:14:05.097018
peach,41,2019-02-04 09:02:54.601888
cranberry,41,2019-02-04 09:13:43.164764
grapefruit,41,2019-02-04 09:24:31.679538
water,41,2019-02-04 12:22:47.750923
water,41,2019-02-16 11:53:40.808718
oolong,41,2019-02-27 08:28:02.679041
grapefruit,41,2019-02-27 08:40:15.022846
eucalyptus,41,2019-02-27 08:52:27.399069
water,41,2019-02-28 15:48:54.705583
water,41,2019-03-12 18:43:50.598879
water,41,2019-03-24 17:18:05.715809
oolong,41,2019-03-25 20:49:33.592561
cherry,41,2019-03-25 21:22:07.763570
peach,41,2019-03-25 22:11:48.834234
water,41,2019-04-05 16:36:46.072630
water,41,2019-04-17 16:38:04.546331
cranberry,41,2019-04-21 11:56:59.017502
pear,41,2019-04-21 12:06:26.510123
lime,41,2019-04-21 12:15:44.469341
water,41,2019-04-29 19:11:22.671867
blackberry,41,2019-05-11 10:16:40.205696
peach,41,2019-05-11 10:26:36.781970
lime,41,2019-05-11 10:36:32.637934
water,41,2019-05-11 17:54:00.561635
water,41,2019-05-23 17:44:26.049132
water,42,2019-01-11 20:17:51.731859
strawberry,42,2019-01-12 08:59:26.501501
pear,42,2019-01-12 09:09:27.801945
earl_grey_tea,42,2019-01-12 09:18:19.438777
water,42,2019-01-24 16:24:01.288655
lemonade,42,2019-01-29 17:16:33.418691
cranberry,42,2019-01-29 17:28:23.524434
mango,42,2019-01-29 17:40:10.928719
water,42,2019-02-07 06:12:42.687611
lime,42,2019-02-14 19:02:06.028865
orange,42,2019-02-14 19:21:09.227558
peach,42,2019-02-14 19:40:10.978854
water,42,2019-02-19 16:34:43.189032
eucalyptus,42,2019-03-04 12:02:08.741628
raspberry,42,2019-03-04 12:09:46.525462
tuna_fish,42,2019-03-04 12:17:23.841810
water,42,2019-03-04 18:18:13.177533
water,42,2019-03-17 15:20:02.973345
grapefruit,42,2019-03-24 07:34:35.332178
mint,42,2019-03-24 07:46:23.512188
cranberry,42,2019-03-24 07:58:13.826610
water,42,2019-03-31 17:16:28.274115
water,42,2019-04-13 17:40:20.872737
pear,42,2019-04-14 11:00:18.012014
tuna_fish,42,2019-04-14 11:08:02.887198
raspberry,42,2019-04-14 11:15:48.216763
water,42,2019-04-26 21:51:54.871734
raspberry,42,2019-05-01 10:51:47.768013
mango,42,2019-05-01 10:59:57.170870
strawberry,42,2019-05-01 11:08:05.707242
water,42,2019-05-10 23:42:15.053746
pine_needle,42,2019-05-21 12:02:05.647382
blackberry,42,2019-05-21 12:09:44.021587
eucalyptus,42,2019-05-21 12:17:21.323705
water,42,2019-05-25 07:46:40.074327
water,43,2019-01-08 11:22:09.362967
acai,43,2019-01-12 12:17:24.744477
strawberry,43,2019-01-12 12:22:34.858682
eucalyptus,43,2019-01-12 12:27:45.686714
grapefruit,43,2019-01-14 12:18:59.513913
cherry,43,2019-01-14 12:18:59.513913
water,43,2019-01-18 09:06:02.236343
water,43,2019-01-27 15:19:59.577828
peach,43,2019-02-02 14:14:42.092199
raspberry,43,2019-02-02 14:20:13.412838
mint,43,2019-02-02 14:25:44.991425
water,43,2019-02-06 16:03:25.337405
water,43,2019-02-16 09:15:56.616344
eucalyptus,43,2019-02-16 11:04:57.696371
orange,43,2019-02-16 11:10:13.096275
grapefruit,43,2019-02-16 11:15:28.660229
water,43,2019-02-26 05:18:19.298149
strawberry,43,2019-03-01 13:15:23.502241
eucalyptus,43,2019-03-01 13:20:38.948146
blackberry,43,2019-03-01 13:25:54.490134
water,43,2019-03-07 14:37:40.225239
key_lime,43,2019-03-14 13:12:58.310390
mint,43,2019-03-14 13:18:14.298252
blueberry,43,2019-03-14 13:23:29.422154
water,43,2019-03-17 15:46:20.627130
water,43,2019-03-27 08:31:00.153477
grapefruit,43,2019-04-01 04:27:57.954634
tuna_fish,43,2019-04-01 04:46:05.177122
eucalyptus,43,2019-04-01 05:04:11.841769
water,43,2019-04-06 04:56:49.556017
lemon,43,2019-04-10 16:43:44.977881
green_tea,43,2019-04-10 16:50:31.939515
lemon_lime,43,2019-04-10 16:57:19.878088
water,43,2019-04-16 06:16:55.188534
grapefruit,43,2019-04-24 14:52:40.537342
cucumber,43,2019-04-24 14:58:11.955489
pear,43,2019-04-24 15:03:44.947156
water,43,2019-04-25 17:14:38.898365
water,43,2019-05-05 10:21:10.643565
strawberry,43,2019-05-08 19:06:27.358436
lemon_lime,43,2019-05-08 19:19:22.074382
lemon,43,2019-05-08 19:32:17.082936
water,43,2019-05-15 11:11:48.151775
green_tea,43,2019-05-24 10:37:11.186707
mackerel,43,2019-05-24 10:42:43.370813
mackerel,43,2019-05-24 10:48:14.752984
water,43,2019-05-24 17:53:18.018884
acai,43,2019-05-26 10:39:05.700287
water,44,2019-01-12 13:21:23.794417
key_lime,44,2019-01-16 08:12:33.293152
lemon,44,2019-01-16 08:23:14.958727
strawberry,44,2019-01-16 08:33:56.466917
water,44,2019-01-26 14:11:37.973941
strawberry,44,2019-02-01 14:18:49.944405
lemon,44,2019-02-01 14:27:32.336547
cherry,44,2019-02-01 14:36:14.852019
water,44,2019-02-10 11:17:59.322100
earl_grey_tea,44,2019-02-21 18:56:00.701635
blueberry,44,2019-02-21 19:11:35.520568
pomegranate,44,2019-02-21 19:31:57.016905
water,44,2019-02-24 12:09:27.376029
water,44,2019-03-10 14:36:25.252060
cucumber,44,2019-03-18 13:12:53.007721
mackerel,44,2019-03-18 13:21:11.992654
cherry,44,2019-03-18 13:29:31.356703
cranberry,44,2019-03-20 13:13:09.393085
water,44,2019-03-24 12:34:19.033902
water,44,2019-04-07 11:42:28.062442
lemon,44,2019-04-11 08:01:51.973347
earl_grey_tea,44,2019-04-11 08:12:35.384060
green_tea,44,2019-04-11 08:23:16.936296
water,44,2019-04-22 08:29:54.094067
strawberry,44,2019-04-27 14:13:23.905804
pine_needle,44,2019-04-27 14:22:07.532486
blueberry,44,2019-04-27 14:30:49.895000
water,44,2019-05-06 19:14:47.514768
pine_needle,44,2019-05-17 10:26:33.914512
lemon,44,2019-05-17 10:35:16.560743
cherry,44,2019-05-17 10:43:58.961078
water,44,2019-05-21 13:12:31.945350
water,45,2019-01-11 01:24:35.019567
cucumber,45,2019-01-15 17:06:03.321664
earl_grey_tea,45,2019-01-15 17:16:48.891487
cherry,45,2019-01-15 17:27:34.332010
lemonade,45,2019-01-17 17:12:20.062434
water,45,2019-01-22 22:32:27.117061
water,45,2019-02-03 19:00:40.789920
earl_grey_tea,45,2019-02-04 00:52:20.347413
earl_grey_tea,45,2019-02-04 03:19:02.289991
cranberry,45,2019-02-04 03:56:14.880382
water,45,2019-02-15 17:23:34.034354
lemon_lime,45,2019-02-19 09:53:29.098939
raspberry,45,2019-02-19 10:01:36.753989
raspberry,45,2019-02-19 10:09:02.905847
water,45,2019-02-28 11:42:37.530714
lemonade,45,2019-03-09 14:36:32.643247
blackberry,45,2019-03-09 14:43:59.002757
strawberry,45,2019-03-09 14:51:26.113515
water,45,2019-03-13 12:38:00.797623
water,45,2019-03-25 16:08:00.938472
green_tea,45,2019-03-26 16:28:41.569777
blackberry,45,2019-03-26 16:37:50.035765
orange,45,2019-03-26 16:46:59.107351
water,45,2019-04-06 19:25:13.094478
mint,45,2019-04-14 19:54:26.389317
pear,45,2019-04-14 20:11:50.485244
lemon,45,2019-04-14 20:36:14.349890
water,45,2019-04-18 19:47:23.551331
water,45,2019-04-30 16:33:23.634813
cranberry,45,2019-05-01 11:20:15.711947
blueberry,45,2019-05-01 11:27:20.099760
key_lime,45,2019-05-01 11:34:24.698000
water,45,2019-05-12 16:44:10.849142
key_lime,45,2019-05-16 09:19:15.801179
lemon_lime,45,2019-05-16 09:27:24.859411
raspberry,45,2019-05-16 09:35:30.978569
water,45,2019-05-25 07:02:28.540999
water,46,2019-01-07 15:52:52.941810
mackerel,46,2019-01-15 04:24:05.444098
earl_grey_tea,46,2019-01-15 04:57:24.026347
cucumber,46,2019-01-15 05:30:35.133986
water,46,2019-01-16 16:41:19.368788
water,46,2019-01-25 17:06:23.640898
water,46,2019-02-03 14:47:19.974759
strawberry,46,2019-02-08 10:06:11.653223
mango,46,2019-02-08 10:16:17.155493
pear,46,2019-02-08 10:26:22.923348
water,46,2019-02-12 15:07:32.580988
water,46,2019-02-21 13:15:03.834070
water,46,2019-03-02 10:16:14.314705
mango,46,2019-03-05 15:52:19.487273
mackerel,46,2019-03-05 16:03:22.783689
lemonade,46,2019-03-05 16:15:47.032002
water,46,2019-03-11 10:45:54.418374
water,46,2019-03-20 09:53:48.056372
mint,46,2019-03-26 13:48:16.339059
lime,46,2019-03-26 13:57:53.806686
pine_needle,46,2019-03-26 14:07:30.897849
water,46,2019-03-30 09:53:13.541071
water,46,2019-04-08 10:46:14.186986
water,46,2019-04-17 11:14:34.860552
lemon_lime,46,2019-04-23 09:10:33.845611
lemonade,46,2019-04-23 09:21:32.713353
pine_needle,46,2019-04-23 09:32:32.100551
water,46,2019-04-27 11:36:12.077659
water,46,2019-05-06 10:35:33.071766
water,46,2019-05-15 11:25:04.644313
lemonade,46,2019-05-20 16:01:37.460430
cucumber,46,2019-05-20 16:14:01.874317
lemon_lime,46,2019-05-20 16:26:25.894110
water,46,2019-05-25 08:08:17.498574
water,47,2019-01-07 14:18:32.986782
cucumber,47,2019-01-07 15:47:23.450528
blueberry,47,2019-01-07 15:52:49.656033
grapefruit,47,2019-01-07 15:58:15.751792
water,47,2019-01-16 12:34:58.319566
green_tea,47,2019-01-17 09:07:31.593416
peach,47,2019-01-17 09:12:58.202486
acai,47,2019-01-17 09:18:24.452961
water,47,2019-01-25 09:27:59.626345
blackberry,47,2019-02-01 11:20:19.989976
mackerel,47,2019-02-01 11:25:05.087246
oolong,47,2019-02-01 11:29:51.619319
water,47,2019-02-03 06:14:34.098052
coconut,47,2019-02-03 11:20:41.310316
water,47,2019-02-12 00:19:02.642198
pear,47,2019-02-17 20:19:34.348149
tuna_fish,47,2019-02-17 20:36:03.427363
coconut,47,2019-02-17 20:52:25.100622
tuna_fish,47,2019-02-19 20:34:45.830701
water,47,2019-02-21 09:33:05.373493
water,47,2019-03-01 20:50:41.072311
coconut,47,2019-03-05 16:26:00.970115
oolong,47,2019-03-05 16:32:11.301860
orange,47,2019-03-05 16:38:20.010253
water,47,2019-03-12 06:54:54.060151
raspberry,47,2019-03-19 15:13:10.733889
earl_grey_tea,47,2019-03-19 15:18:37.365359
lemonade,47,2019-03-19 15:24:03.247361
water,47,2019-03-22 06:31:40.388238
water,47,2019-03-30 15:50:30.816740
orange,47,2019-04-03 13:06:09.698921
grapefruit,47,2019-04-03 13:10:55.138838
lemonade,47,2019-04-03 13:15:40.575752
water,47,2019-04-09 19:27:59.544412
blackberry,47,2019-04-17 09:55:49.756336
lemonade,47,2019-04-17 10:01:16.784579
lime,47,2019-04-17 10:06:16.827577
water,47,2019-04-20 07:29:52.483984
water,47,2019-04-28 17:10:04.756500
acai,47,2019-05-02 03:34:38.547939
earl_grey_tea,47,2019-05-02 03:59:38.695045
tuna_fish,47,2019-05-02 04:24:40.276096
water,47,2019-05-09 06:49:57.903370
eucalyptus,47,2019-05-16 22:24:48.332505
pear,47,2019-05-16 23:06:50.403208
lime,47,2019-05-17 00:20:12.714179
water,47,2019-05-19 10:53:12.834287
water,47,2019-05-28 05:41:39.723563
water,48,2019-01-07 06:03:21.767751
orange,48,2019-01-10 11:52:47.155900
acai,48,2019-01-10 11:58:37.827570
pomegranate,48,2019-01-10 12:04:29.073651
water,48,2019-01-15 17:39:50.016979
strawberry,48,2019-01-22 11:54:26.600131
green_tea,48,2019-01-22 12:00:17.156255
tuna_fish,48,2019-01-22 12:06:01.978840
water,48,2019-01-23 16:53:43.665426
water,48,2019-02-01 07:34:04.482356
pomegranate,48,2019-02-08 20:47:46.135156
eucalyptus,48,2019-02-08 21:07:55.609047
blueberry,48,2019-02-08 21:38:39.045918
water,48,2019-02-09 09:43:38.457735
water,48,2019-02-17 13:05:41.157026
cucumber,48,2019-02-25 10:32:01.290811
tuna_fish,48,2019-02-25 10:38:10.355044
green_tea,48,2019-02-25 10:44:19.563809
water,48,2019-02-26 07:36:27.561428
water,48,2019-03-06 15:22:43.030059
pomegranate,48,2019-03-10 19:01:03.658086
lemon_lime,48,2019-03-10 19:15:25.291383
grapefruit,48,2019-03-10 19:29:47.005557
water,48,2019-03-16 09:55:15.085752
water,48,2019-03-24 11:41:22.637001
strawberry,48,2019-03-28 11:20:33.912399
blackberry,48,2019-03-28 11:26:26.299621
green_tea,48,2019-03-28 11:32:16.991817
water,48,2019-04-02 17:14:57.912937
water,48,2019-04-10 18:33:06.553707
strawberry,48,2019-04-14 16:53:33.882800
mango,48,2019-04-14 17:01:06.627568
raspberry,48,2019-04-14 17:10:00.489993
water,48,2019-04-20 09:24:52.624549
water,48,2019-04-28 11:44:41.172346
grapefruit,48,2019-05-02 08:47:49.082594
pear,48,2019-05-02 08:55:21.529107
coconut,48,2019-05-02 09:02:55.339329
water,48,2019-05-07 19:15:58.330296
water,48,2019-05-15 19:31:06.572877
strawberry,48,2019-05-19 13:54:00.459408
pomegranate,48,2019-05-19 13:59:50.769497
oolong,48,2019-05-19 14:05:41.392053
water,48,2019-05-25 13:08:15.313749
water,49,2019-01-04 20:23:40.985668
pear,49,2019-01-08 11:49:00.188392
pomegranate,49,2019-01-08 11:54:42.637723
cucumber,49,2019-01-08 12:00:21.997530
water,49,2019-01-12 00:35:33.533784
water,49,2019-01-18 01:10:06.462807
water,49,2019-01-23 18:37:10.198658
orange,49,2019-01-27 17:49:10.853458
tuna_fish,49,2019-01-27 17:57:46.432191
oolong,49,2019-01-27 18:06:22.556995
water,49,2019-01-30 17:23:18.194272
water,49,2019-02-05 19:10:29.331815
water,49,2019-02-11 17:52:14.626990
key_lime,49,2019-02-12 11:06:17.160313
cucumber,49,2019-02-12 11:11:56.356192
pear,49,2019-02-12 11:17:36.388565
water,49,2019-02-18 05:32:42.564047
water,49,2019-02-24 15:53:04.462029
water,49,2019-03-02 20:40:23.516740
orange,49,2019-03-05 17:49:43.580737
lemon_lime,49,2019-03-05 17:58:19.868664
mint,49,2019-03-05 18:06:58.374128
water,49,2019-03-10 07:58:29.359996
water,49,2019-03-16 16:05:43.371754
water,49,2019-03-22 18:43:07.920265
blackberry,49,2019-03-26 18:18:03.574177
tuna_fish,49,2019-03-26 18:28:40.507241
pomegranate,49,2019-03-26 18:39:18.176605
water,49,2019-03-30 08:20:42.782213
water,49,2019-04-05 16:16:17.587933
cherry,49,2019-04-10 08:41:13.613998
pear,49,2019-04-10 08:48:32.248425
pomegranate,49,2019-04-10 08:55:51.391700
water,49,2019-04-13 10:19:11.727033
water,49,2019-04-19 17:26:22.556203
water,49,2019-04-25 18:57:25.278285
mint,49,2019-04-29 19:32:38.294959
cranberry,49,2019-04-29 19:46:33.842784
pear,49,2019-04-29 20:00:29.878179
water,49,2019-05-03 09:28:21.254082
water,49,2019-05-09 16:36:59.222979
water,49,2019-05-15 17:38:10.135526
strawberry,49,2019-05-19 23:41:54.630095
mackerel,49,2019-05-20 01:09:01.329920
cucumber,49,2019-05-20 02:36:24.943879
water,49,2019-05-23 10:08:26.833856
water,49,2019-05-29 20:23:45.621207
